old_index,title,release_date,series_or_movies,genre_list,drama,comedy,action,thriller,romance,crime,adventure,animation,fantasy,family,sci-fi,mystery,horror,documentary,biography,history,music,short,sport,war,musical,reality-tv,western,game-show,talk-show,img_link,imdb_votes
14331,Inception,2010-07-16,Movie,"['액션', '모험', 'SF', '스릴러']",0,0,1,1,0,0,1,0,0,0,1,0,0,0,0,0,0,0,0,0,0,0,0,0,0,https://occ-0-2851-38.1.nflxso.net/dnm/api/v6/evlCitJPPCVCry0BZlEFb5-QjKc/AAAABYDAY7Malaj4klMEjUvy1YC7O6JXaUodaDIW2xyYs_huUch4quAuREHvGe6VlIj6o1K3THeI7eKXlBDuS6a-JZH7sw.jpg?r=d87,2072912
14633,Shutter Island,2010-02-19,Movie,"['미스터리', '스릴러']",0,0,0,1,0,0,0,0,0,0,0,1,0,0,0,0,0,0,0,0,0,0,0,0,0,https://occ-0-2773-2774.1.nflxso.net/dnm/api/v6/evlCitJPPCVCry0BZlEFb5-QjKc/AAAABSGqtG3E7xXSvF7TMN6gzYTA-ygo9utELjEnaHAm_-5csdbRyj9cGZqVd8-ZYTuwAuWyuUuq3agPj-pYrV9RjDAyPQ.jpg?r=850,1137284
14086,Memento,2001-05-25,Movie,"['미스터리', '스릴러']",0,0,0,1,0,0,0,0,0,0,0,1,0,0,0,0,0,0,0,0,0,0,0,0,0,https://occ-0-2773-2774.1.nflxso.net/dnm/api/v6/evlCitJPPCVCry0BZlEFb5-QjKc/AAAABXg2UWKRwv3lIMRU4fBLsu3TFRshTBCCUS_c-rWUIkREvzKUpbVsXtIuJWDtykz6IcyhOhsj9JltB8qfuOaTrFUkyg.jpg?r=4ce,1127675
14741,Back to the Future,1985-07-03,Movie,"['모험', '코미디', 'SF']",0,1,0,0,0,0,1,0,0,0,1,0,0,0,0,0,0,0,0,0,0,0,0,0,0,https://occ-0-1348-1347.1.nflxso.net/dnm/api/v6/evlCitJPPCVCry0BZlEFb5-QjKc/AAAABX8AN_0v-MMCns2Mg6EybmvhBXp-XQuC064tHHvwYM2mAW8I4NRFEL1XHKnXH1noz3pWDAajwxEIIY3n9suHnFJlXw.jpg?r=db2,1061275
10884,Deadpool,2016-02-12,Movie,"['액션', '모험', '코미디', 'SF']",0,1,1,0,0,0,1,0,0,0,1,0,0,0,0,0,0,0,0,0,0,0,0,0,0,https://occ-0-2773-2774.1.nflxso.net/dnm/api/v6/evlCitJPPCVCry0BZlEFb5-QjKc/AAAABU7hrzylZeNWL1ZmlP8NCdV3Gvx2EGo9E4trhveMEAlsTw43Nd7zD_N8UAlNWu4uOaxramtQ035QNmGpLsJJ3-QUXA.jpg?r=b21,904840
11183,Stranger Things,2016-07-15,Series,"['드라마', '판타지', '공포', '미스터리', 'SF', '스릴러']",1,0,0,1,0,0,0,0,1,0,1,1,1,0,0,0,0,0,0,0,0,0,0,0,0,https://occ-0-2851-38.1.nflxso.net/dnm/api/v6/evlCitJPPCVCry0BZlEFb5-QjKc/AAAABTL65qyo8vAVdBubGEaZO30gWLpk__rJa7dph61nnnfga7WNoKBixHuV7SEU6-XP9rh-NnCMd6z35UntYvOfE0Biw9GiO3p7NO6x0h_XRD5KawPqcD-ol4_GyfU.jpg?r=594,827162
14136,The Pianist,2003-03-28,Movie,"['전기', '드라마', '음악', '전쟁']",1,0,0,0,0,0,0,0,0,0,0,0,0,0,1,0,1,0,0,1,0,0,0,0,0,https://occ-0-1091-300.1.nflxso.net/dnm/api/v6/evlCitJPPCVCry0BZlEFb5-QjKc/AAAABQPnnhThPWr_u19ajFlcYkYA3CXs7rzNkhZY53-6449ewtY1liJ0XxIUjEf5Gw6c43gpRXAUm00LbKc10WSmSMEBiw.jpg?r=91c,733787
12381,The Imitation Game,2014-12-25,Movie,"['전기', '드라마', '스릴러', '전쟁']",1,0,0,1,0,0,0,0,0,0,0,0,0,0,1,0,0,0,0,1,0,0,0,0,0,https://occ-0-2773-2774.1.nflxso.net/dnm/api/v6/evlCitJPPCVCry0BZlEFb5-QjKc/AAAABaGlgKMAFK_dElr4Nmr5rqCjMmD5KRdQqa5gPR7xFlBXxoJ0wKvMLIkhtHTAi1yA704mlzCdpv6qQbzLcjlPVt_4kA.jpg?r=74b,686497
14277,The Social Network,2010-10-01,Movie,"['전기', '드라마']",1,0,0,0,0,0,0,0,0,0,0,0,0,0,1,0,0,0,0,0,0,0,0,0,0,https://occ-0-2851-38.1.nflxso.net/dnm/api/v6/evlCitJPPCVCry0BZlEFb5-QjKc/AAAABX5C0Txb7xW0IIiGayKFAAh4AcrBlHGRswHFvFTfJOvVOFHWDyhbXP5O4jr7tl15PmFIeRW3dGXaap3fNap7kj8XUQ.jpg?r=a68,626530
5450,"Its Okay, Buddy",2017-09-08,Movie,['공포'],0,0,0,0,0,0,0,0,0,0,0,0,1,0,0,0,0,0,0,0,0,0,0,0,0,https://occ-0-2851-38.1.nflxso.net/dnm/api/v6/evlCitJPPCVCry0BZlEFb5-QjKc/AAAABRRuumKZ-pKbX3CgRpu7lgLpfB6rM3QRpYpryp_Z7ut2td2Xlb_Gfu5iVgUsl-k6kmoTxGAdq6lv-R3oYw3BMn-3Bw.jpg?r=f53,460854
2127,Its Okay to Not Be Okay,2017-09-08,Series,['공포'],0,0,0,0,0,0,0,0,0,0,0,0,1,0,0,0,0,0,0,0,0,0,0,0,0,https://occ-0-2851-41.1.nflxso.net/dnm/api/v6/evlCitJPPCVCry0BZlEFb5-QjKc/AAAABUuMiarnTKtOMIJwhV9tLaIbldJXQ8QnwAUJWQo_XMncXAQmj1F-zBVwilsBn-OHa-ZRlPK3R6aso8PTpoDUQtVQZBCpb-RwWf3WX9_uZFGKzy3jPniK5NEBrco49QKdQ797ix9TmcIs6Utb78StWWmPX1QVubQEghXJExM.jpg?r=3f2,460854
7210,Split,2017-01-20,Movie,"['공포', '스릴러']",0,0,0,1,0,0,0,0,0,0,0,0,1,0,0,0,0,0,0,0,0,0,0,0,0,https://occ-0-768-769.1.nflxso.net/dnm/api/v6/evlCitJPPCVCry0BZlEFb5-QjKc/AAAABewm3Qhn-vYzYBt-8ABH-iSW7_Vco--HpUWlVPhxx9DE17u9MUFtPCyX7FDBHVcrMg1M3zZ9qa8kEOKgbvpgnsl2gg.jpg?r=381,428760
14432,The Da Vinci Code,2006-05-19,Movie,"['미스터리', '스릴러']",0,0,0,1,0,0,0,0,0,0,0,1,0,0,0,0,0,0,0,0,0,0,0,0,0,https://occ-0-2851-38.1.nflxso.net/dnm/api/v6/evlCitJPPCVCry0BZlEFb5-QjKc/AAAABT3pOAMejvMmur7ikoBcSKWkqhDuzMBEFFtcjb8VqQo0YPSnpnil5Q1jWzC04LQJ7m00-H58ikS08Lx8vnx74MKwyg.jpg?r=b5c,402079
14724,The Cabin in the Woods,2012-04-13,Movie,['공포'],0,0,0,0,0,0,0,0,0,0,0,0,1,0,0,0,0,0,0,0,0,0,0,0,0,https://occ-0-2773-2774.1.nflxso.net/dnm/api/v6/evlCitJPPCVCry0BZlEFb5-QjKc/AAAABaDGRShc_FvFXejNGLtBmW1bdp8Y6O4LAIGgCqheVX7TxANjheFA23MJ-Ko71-vj0cm0oSllkq9nhAw82W3ehxPgQw.jpg?r=33e,377507
14381,The Exorcist,1973-12-26,Movie,['공포'],0,0,0,0,0,0,0,0,0,0,0,0,1,0,0,0,0,0,0,0,0,0,0,0,0,https://occ-0-2042-299.1.nflxso.net/dnm/api/v6/evlCitJPPCVCry0BZlEFb5-QjKc/AAAABYRGH_kzHM5pBs86D8V2gI-hsZCCKtgHkvo7OY1exrbq2l1ztmw2bz3SqTD1RzG3GE0-9ZUvfMGQOg-U7RJ5SeZRnw.jpg?r=7c3,363241
6503,Bird Box,2018-12-21,Movie,"['공포', 'SF']",0,0,0,0,0,0,0,0,0,0,1,0,1,0,0,0,0,0,0,0,0,0,0,0,0,https://occ-0-2717-360.1.nflxso.net/dnm/api/v6/evlCitJPPCVCry0BZlEFb5-QjKc/AAAABQM9lo3EhRr6ZQot8a6X9ne3UCI5aNHKhxLyIImqy2xXgWOIyQdm0uqx8Fzw1o3t1ZWure-uyVdCbb6XJ2Bihc1GQYcqeb3FIvK1oMOYQZU7gQ2EbLQYgdFGArA.jpg?r=e69,280672
14522,Angels and Demons,2009-05-15,Movie,"['액션', '미스터리', '스릴러']",0,0,1,1,0,0,0,0,0,0,0,1,0,0,0,0,0,0,0,0,0,0,0,0,0,https://occ-0-2851-38.1.nflxso.net/dnm/api/v6/evlCitJPPCVCry0BZlEFb5-QjKc/AAAABUdFf8V7F4Qg_Bs_1JO88lzdKVAf86TLVIs52CUcCNYjKojNDVBraRKg5zcwlGZbrr3sAuesvxltCUWA5bXM-wG52A.jpg?r=d7e,274847
10301,Tiger,2001-01-12,Movie,"['액션', '모험', '판타지', '로맨스']",0,0,1,0,1,0,1,0,1,0,0,0,0,0,0,0,0,0,0,0,0,0,0,0,0,https://occ-0-2851-38.1.nflxso.net/dnm/api/v6/evlCitJPPCVCry0BZlEFb5-QjKc/AAAABa2dXsABWqNKht7FFOeEzYC9dxfwiAHVB6UFZEGo0x3yb6UKPkqu2cDLNyByYH66dpgh6zntM85lfk-iGHuP0PuXkA.jpg?r=827,253700
13545,2 Fast 2 Furious,2003-06-06,Movie,"['액션', '범죄', '스릴러']",0,0,1,1,0,1,0,0,0,0,0,0,0,0,0,0,0,0,0,0,0,0,0,0,0,https://occ-0-2717-360.1.nflxso.net/dnm/api/v6/evlCitJPPCVCry0BZlEFb5-QjKc/AAAABcPADEjySdmCNxJrnX6owPs92K-0NGAtcYnmtpNLqNsQTXglXWyTSo9MDTxUKFAYoEILjhAM0gNbxzanxRGjCoCc5g.jpg?r=ae6,251726
15389,Avatar  The Last Airbender,2005-02-21,Series,"['애니메이션', '액션', '모험', '가족', '판타지', '미스터리']",0,0,1,0,0,0,1,1,1,1,0,1,0,0,0,0,0,0,0,0,0,0,0,0,0,https://occ-0-2773-2774.1.nflxso.net/dnm/api/v6/evlCitJPPCVCry0BZlEFb5-QjKc/AAAABfckM6bte1VR0xi8Vrzogt5sKG8_zr6b3MKl3MZo0tss5Tpc95pzopVin3zLtV1qXJnGs-5jeaZynTaMQYQearKlQw.jpg?r=fdc,248384
14800,The Fast and the Furious  Tokyo Drift,2006-06-16,Movie,"['액션', '범죄', '스릴러']",0,0,1,1,0,1,0,0,0,0,0,0,0,0,0,0,0,0,0,0,0,0,0,0,0,https://occ-0-2851-38.1.nflxso.net/dnm/api/v6/evlCitJPPCVCry0BZlEFb5-QjKc/AAAABe5uv9llH5Gs8pFvSjXG8FBeyz_RDN33tqjnMCRurpXwmx9D4AzoEmUbGieH-7V6VKN1OLjqjoY9jOVLQ3BdSgc8Cw.jpg?r=c1c,242988
14362,Grease,1978-06-16,Movie,"['음악al', '로맨스']",0,0,0,0,1,0,0,0,0,0,0,0,0,0,0,0,0,0,0,0,1,0,0,0,0,https://occ-0-1926-41.1.nflxso.net/dnm/api/v6/evlCitJPPCVCry0BZlEFb5-QjKc/AAAABUKrjb4yctnWsTdjZtPSn7lY_HbbfoFtgyggR7uGRa5jIEwEWuFZaSXPie_ewDjNb4FJsgZV3ZrbQzkkKH8bp4GIFQ.jpg?r=345,242803
11863,Halloween,1978-10-27,Movie,"['공포', '스릴러']",0,0,0,1,0,0,0,0,0,0,0,0,1,0,0,0,0,0,0,0,0,0,0,0,0,http://art-2.nflximg.net/f10ae/560efb5f014f1d9880edfc48d28d2f9be8df10ae.jpg,233570
13505,The Boondock Saints,2000-01-21,Movie,"['액션', '범죄', '스릴러']",0,0,1,1,0,1,0,0,0,0,0,0,0,0,0,0,0,0,0,0,0,0,0,0,0,https://occ-0-3451-3446.1.nflxso.net/dnm/api/v6/XsrytRUxks8BtTRf9HNlZkW2tvY/AAAABf7ZqsN8MlsGkBTIDosuCoj7oYN3E74V9ybibqZyfRCj16ovdv_IAU2JRXSZ8RKuoZNT68AbZSrCWbYB0SuIJy4qDDpSvhs.jpg?r=943,227445
10173,conjuring 2,2016-06-10,Movie,"['공포', '미스터리', '스릴러']",0,0,0,1,0,0,0,0,0,0,0,1,1,0,0,0,0,0,0,0,0,0,0,0,0,https://occ-0-2773-2774.1.nflxso.net/dnm/api/v6/evlCitJPPCVCry0BZlEFb5-QjKc/AAAABXS_9KO7IbGe282ZGDYDPzS4g0-AbpFQgTGDup3Z73akayka_NhjyHDipgmtXDUhYsm0_KP6TgLKiCkVu7tb_qjC2g.jpg?r=f3e,226713
14849,The Tourist,2010-12-10,Movie,"['액션', '로맨스', '스릴러']",0,0,1,1,1,0,0,0,0,0,0,0,0,0,0,0,0,0,0,0,0,0,0,0,0,https://occ-0-2851-38.1.nflxso.net/dnm/api/v6/evlCitJPPCVCry0BZlEFb5-QjKc/AAAABfc8s4LF_g7vX9lEz5utsviw7chYY7jKeNhbWU2pC3zTLrN6RjrcbLy7nLZnueOXPZDLhufGykU47gJ4Po9eA5huRw.jpg?r=8f6,224988
8796,A Man in the Dark,2016-08-26,Movie,"['범죄', '공포', '스릴러']",0,0,0,1,0,1,0,0,0,0,0,0,1,0,0,0,0,0,0,0,0,0,0,0,0,https://occ-0-2717-360.1.nflxso.net/dnm/api/v6/evlCitJPPCVCry0BZlEFb5-QjKc/AAAABUu01ikV1P_miRhawF0UzVKoq-OqMgeraFdy2x56Opt4CiXwFBKBwHC0VVE123OddRX0gATjjVfI1v1z5-B1aC9Psg.jpg?r=fac,223676
1146,Paranormal,2009-10-16,Series,"['공포', '미스터리']",0,0,0,0,0,0,0,0,0,0,0,1,1,0,0,0,0,0,0,0,0,0,0,0,0,https://occ-0-2773-2774.1.nflxso.net/dnm/api/v6/evlCitJPPCVCry0BZlEFb5-QjKc/AAAABZSG_cSnxFC1ZAyEAY8TVZGyhQhF1-juNtAmKWYHl14vZKIpLVMlW0zZ3PSRMf-RqcouO5vJ-6WrJGoW8m0awa7Dr1NPUzLSGZPDypTHSVNSs3khfDQEC4okpmw.jpg?r=054,220740
2039,Rio,2011-04-15,Movie,"['애니메이션', '모험', '코미디', '범죄', '가족', '음악al']",0,1,0,0,0,1,1,1,0,1,0,0,0,0,0,0,0,0,0,0,1,0,0,0,0,https://occ-0-1007-1360.1.nflxso.net/dnm/api/v6/evlCitJPPCVCry0BZlEFb5-QjKc/AAAABQRlpMQhGF4kDsaidTH9-kHy_V4CoQkroyW4uqF3c8nksDOfsLofz9SIRoN_T37FXAaKe3gj_NQEEVxtDWNU67qZQg.jpg?r=5b4,206870
14979,Orphan,2009-07-24,Movie,"['공포', '미스터리', '스릴러']",0,0,0,1,0,0,0,0,0,0,0,1,1,0,0,0,0,0,0,0,0,0,0,0,0,https://occ-0-1091-300.1.nflxso.net/dnm/api/v6/evlCitJPPCVCry0BZlEFb5-QjKc/AAAABbhzjTh6yjQ57xEvlikMz8hEY9llfNV7SfizNzRZx43skCnAPB21-XND39NWpqA_Wq33jSG5XHVplUb27oXqV-sj8g.jpg?r=6b3,191913
8263,Alien vs. Predator,2004-08-13,Movie,"['액션', '모험', '공포', 'SF', '스릴러']",0,0,1,1,0,0,1,0,0,0,1,0,1,0,0,0,0,0,0,0,0,0,0,0,0,https://occ-0-2773-2774.1.nflxso.net/dnm/api/v6/evlCitJPPCVCry0BZlEFb5-QjKc/AAAABfXSutIwCvSCYx4DBwpM64WKoVa6g2l_aZoovrrS08oFaqmFvGoqGceIy0-b1BU7VhYdVjqfQKdE1EXyRIN6dknC9Q.jpg?r=17c,185073
10199,Train to Busan,2016-07-20,Movie,"['액션', '공포', '스릴러']",0,0,1,1,0,0,0,0,0,0,0,0,1,0,0,0,0,0,0,0,0,0,0,0,0,https://occ-0-2506-1432.1.nflxso.net/dnm/api/v6/evlCitJPPCVCry0BZlEFb5-QjKc/AAAABbSVlJHZwnzFoouIJADr30oiR6ewL6iK8USK4Dcr_DdR9x8W6y0fl6f4f3ZwrRXsHhFHUSqWTUkyadwBBRmJG3RPhw.jpg?r=2ed,167271
15413,Blade  Trinity,2004-12-08,Movie,"['액션', '모험', '판타지', '공포', 'SF']",0,0,1,0,0,0,1,0,1,0,1,0,1,0,0,0,0,0,0,0,0,0,0,0,0,https://occ-0-1007-1360.1.nflxso.net/dnm/api/v6/evlCitJPPCVCry0BZlEFb5-QjKc/AAAABeEX4Ru54Rhl4wKZOUD6LBcWAYIx1SNJ5_uiXZE28IE7fwlLs7b_wlBbbPaVZ_rlKRQzrHaOnCSgsTiFveYXCYEd8g.jpg?r=ca6,166376
14010,Insidious Chapter 2,2013-09-13,Movie,"['공포', '미스터리', '스릴러']",0,0,0,1,0,0,0,0,0,0,0,1,1,0,0,0,0,0,0,0,0,0,0,0,0,https://occ-0-2851-38.1.nflxso.net/dnm/api/v6/evlCitJPPCVCry0BZlEFb5-QjKc/AAAABanFoU62dYiUpxzPnIob0Ipog4qUCoaAycK67InTj8TvBsapLgkKsivtCb5N9c4lz0yBZ7w0-PBV58ivsttt_VIdKA.jpg?r=484,155606
14504,The Last Airbender,2010-07-01,Movie,"['액션', '모험', '가족', '판타지']",0,0,1,0,0,0,1,0,1,1,0,0,0,0,0,0,0,0,0,0,0,0,0,0,0,https://occ-0-768-769.1.nflxso.net/dnm/api/v6/evlCitJPPCVCry0BZlEFb5-QjKc/AAAABUJ7pt_ANs3KhLUQ4wzKnsUBmiCj90Gpp_4h6NiTzoQbbX--HeVvnlwXGqM9jo_DaAXZFMIWtTp03SntQRZrKvg-xA.jpg?r=0dd,152838
3811,Nausica  of the Valley of the Wind,1987-11-25,Movie,"['애니메이션', '모험', '판타지', 'SF']",0,0,0,0,0,0,1,1,1,0,1,0,0,0,0,0,0,0,0,0,0,0,0,0,0,https://occ-0-2717-360.1.nflxso.net/dnm/api/v6/evlCitJPPCVCry0BZlEFb5-QjKc/AAAABTczZ5ng4MK4wXLXc-GW1v87AHbhgcvn2lCJGJT6mYhB0zT8LdeLeS_QevXVhXaNonHxr1ochHUdMEMmOD_7fgpiOQ.jpg?r=6f4,151542
5213,Predator 2,1990-11-21,Movie,"['액션', '공포', 'SF']",0,0,1,0,0,0,0,0,0,0,1,0,1,0,0,0,0,0,0,0,0,0,0,0,0,https://occ-0-2773-2774.1.nflxso.net/dnm/api/v6/evlCitJPPCVCry0BZlEFb5-QjKc/AAAABQSNivoLaHJ4meVjMaY65nO8xQy1iL-nfMOSXt8rUeMJSFsnn5JHSlj7e2Zwhv2Siy7OTQdl1H0GjFq-Als9-in5kg.jpg?r=854,147027
13517,Underworld  Awakening,2012-01-20,Movie,"['액션', '판타지', '공포']",0,0,1,0,0,0,0,0,1,0,0,0,1,0,0,0,0,0,0,0,0,0,0,0,0,https://occ-0-2851-38.1.nflxso.net/dnm/api/v6/evlCitJPPCVCry0BZlEFb5-QjKc/AAAABerQuP4mRWZ1k8dgv6xw8QB1JfWjN-IFjOIA7otm3sx7MRfuAs6zvtjlRX2XAtgnU33jv1BqEyCSBrXWQcTRIHSOHg.jpg?r=82e,146205
13681,Waynes World,1992-02-14,Movie,"['코미디', '음악']",0,1,0,0,0,0,0,0,0,0,0,0,0,0,0,0,1,0,0,0,0,0,0,0,0,https://occ-0-1490-1489.1.nflxso.net/dnm/api/v6/evlCitJPPCVCry0BZlEFb5-QjKc/AAAABRZLj3Ml6-P9s8RK3BLb__V00_U-4MKga_wPXZ7RjJgAWP1aO285_angzLLs1bT-AEVyziPl-VDFFd7O9mJRAJ3QZw.jpg?r=e23,144646
1826,The Grudge,2004-10-22,Movie,"['공포', '미스터리', '스릴러']",0,0,0,1,0,0,0,0,0,0,0,1,1,0,0,0,0,0,0,0,0,0,0,0,0,https://occ-0-299-1007.1.nflxso.net/dnm/api/v6/evlCitJPPCVCry0BZlEFb5-QjKc/AAAABZ6yLdivFBuvKStny8E3I3VPV3Lhp_jr9LwnpuJtLiX8b2U08yfCa3dQSUbY1ianCO3YjXi6wRV_T3m3yle7avUzTg.jpg?r=3d7,138933
9644,Sing,2016-12-21,Movie,"['애니메이션', '코미디', '가족', '음악al']",0,1,0,0,0,0,0,1,0,1,0,0,0,0,0,0,0,0,0,0,1,0,0,0,0,https://occ-0-784-778.1.nflxso.net/dnm/api/v6/evlCitJPPCVCry0BZlEFb5-QjKc/AAAABRn96NUyLDV6iew9wSLb6qcalceDmZ2XwppqPUaxZm9rMUw9i6qbhpZ2emycvL6vo3t2ZbEzz5U-MF1DpSJFrSWeVw.jpg?r=52e,134434
14589,Robots,2005-03-11,Movie,"['애니메이션', '모험', '코미디', '가족', 'SF']",0,1,0,0,0,0,1,1,0,1,1,0,0,0,0,0,0,0,0,0,0,0,0,0,0,http://occ-1-2219-1361.1.nflxso.net/art/7def4/55edc6d45fed456b884b64cdd59e30beb697def4.jpg,133326
9181,The Lego Batman Movie,2017-02-10,Movie,"['애니메이션', '액션', '코미디', '가족']",0,1,1,0,0,0,0,1,0,1,0,0,0,0,0,0,0,0,0,0,0,0,0,0,0,https://occ-0-114-116.1.nflxso.net/dnm/api/v6/evlCitJPPCVCry0BZlEFb5-QjKc/AAAABa7Y3UNw1DjuI8qYtrTaUWsRgXRlg9i-NFgiHh9s6npz4iZXfjqklfeH8i1WFSrMuiE4ytkRVsl8-S3nyqnSDEJ8qg.jpg?r=969,131509
14956,Matilda,1996-08-02,Movie,"['코미디', '가족', '판타지']",0,1,0,0,0,0,0,0,1,1,0,0,0,0,0,0,0,0,0,0,0,0,0,0,0,https://occ-0-2851-38.1.nflxso.net/dnm/api/v6/evlCitJPPCVCry0BZlEFb5-QjKc/AAAABRJe-JnfCO4RZ8h17zOHz1o-89NF4HWu8VivJCLzddv6MAHjFl92_MiR5zHAKtPnDrSHqRRbeqsxTDsCw4lY-0CGzw.jpg?r=b80,130379
7061,The Dark Tower,2017-08-04,Movie,"['액션', '모험', '판타지', '공포', 'SF', '서부']",0,0,1,0,0,0,1,0,1,0,1,0,1,0,0,0,0,0,0,0,0,0,1,0,0,https://occ-0-2851-38.1.nflxso.net/dnm/api/v6/evlCitJPPCVCry0BZlEFb5-QjKc/AAAABYtVej3_b_IjSI1SYVh_RzKzQuYHQHVQNy6UDRQgoKUHm5MJJ4QHmiAoCpRVcqbeN57bLh-RfgvLfrfWw6_dP05Jvg.jpg?r=746,128523
14039,Ponyo,2009-08-14,Movie,"['애니메이션', '모험', '코미디', '가족', '판타지']",0,1,0,0,0,0,1,1,1,1,0,0,0,0,0,0,0,0,0,0,0,0,0,0,0,https://occ-0-2851-38.1.nflxso.net/dnm/api/v6/evlCitJPPCVCry0BZlEFb5-QjKc/AAAABXPWHyo0VidEtUYTN2aUH_OG6CFd7waSUE7TdzA35g8CchdAT_TvwquWP5ISm4b7nw-ReTtXx4W1m5rYr_ktJ0poGw.jpg?r=4d4,125910
14120,Eragon,2006-12-15,Movie,"['액션', '모험', '가족', '판타지']",0,0,1,0,0,0,1,0,1,1,0,0,0,0,0,0,0,0,0,0,0,0,0,0,0,https://occ-0-2773-2774.1.nflxso.net/dnm/api/v6/evlCitJPPCVCry0BZlEFb5-QjKc/AAAABXZEJrXRY3KeMGDr9XDjUVLTSlUQYWRUVbAPHVVJxm2JaKb1MjYdD8x8n3lbKNiQ6O3FVEg5FVaZuw2r76vXidQ3-w.jpg?r=573,122138
13739,Oculus,2014-04-11,Movie,"['공포', '미스터리']",0,0,0,0,0,0,0,0,0,0,0,1,1,0,0,0,0,0,0,0,0,0,0,0,0,https://occ-0-1490-1489.1.nflxso.net/dnm/api/v6/evlCitJPPCVCry0BZlEFb5-QjKc/AAAABTUPnLeVAymqwnqxOWqRf8kNE9buf0bhtBKOLr5sMERBWLdDSwCiJ8BP2YqAVW8GwiLjs_slCfqmlFiMUhe1OvmvAg.jpg?r=e43,117814
6694,Aliens vs. Predator 2,2007-12-25,Movie,"['액션', '모험', '판타지', '공포', 'SF', '스릴러']",0,0,1,1,0,0,1,0,1,0,1,0,1,0,0,0,0,0,0,0,0,0,0,0,0,https://occ-0-64-325.1.nflxso.net/dnm/api/v6/evlCitJPPCVCry0BZlEFb5-QjKc/AAAABc24FYMqLjICyNy_uDmyJi6BHGj6WRvNIBXdfhYa4MijYySP1nuCajW0bO_YIxcWux2m-E-F5oWixZWfPSawyIGn7w.jpg?r=080,116362
11664,House of Wax,2005-05-06,Movie,"['공포', '스릴러']",0,0,0,1,0,0,0,0,0,0,0,0,1,0,0,0,0,0,0,0,0,0,0,0,0,https://occ-0-2717-360.1.nflxso.net/dnm/api/v6/evlCitJPPCVCry0BZlEFb5-QjKc/AAAABQRmUyRJ7tV7wYG3c4GAeUUeIbnULw_eK7N4PUsMs6QZ0r2FlPqP0wpNIByRTrUIyeILrHZqtBrZuJQsR1n-wuVTpQ.jpg?r=d41,115832
10265,One Punch Man,2015-10-05,Series,"['애니메이션', '액션', '코미디', '판타지', 'SF']",0,1,1,0,0,0,0,1,1,0,1,0,0,0,0,0,0,0,0,0,0,0,0,0,0,https://occ-0-2851-38.1.nflxso.net/dnm/api/v6/evlCitJPPCVCry0BZlEFb5-QjKc/AAAABStseB8vSUe-qmfkTHrsD-Xynol2g_eB9lPLf9NEU3SIaEzKkEXq1QIvZh0Yg9Z3HMRicbkDE7Po_oZlxk3eyT6NdA.jpg?r=4cc,115411
2144,Yesterday,2019-06-28,Movie,"['코미디', '판타지', '음악', '로맨스']",0,1,0,0,1,0,0,0,1,0,0,0,0,0,0,0,1,0,0,0,0,0,0,0,0,https://occ-0-1007-1360.1.nflxso.net/dnm/api/v6/evlCitJPPCVCry0BZlEFb5-QjKc/AAAABSV8puIiBwfbi6FvarbhkOEr5m2WEoPNBsxGvElGtBjf1y_I9FtBYlQLFJSQZSKr_2RRaOwqXfemDN5YO-XDon4Vlw.jpg?r=aaa,115232
14767,Flushed Away,2006-11-03,Movie,"['애니메이션', '모험', '코미디', '가족', '판타지', '로맨스']",0,1,0,0,1,0,1,1,1,1,0,0,0,0,0,0,0,0,0,0,0,0,0,0,0,https://occ-0-2851-38.1.nflxso.net/dnm/api/v6/evlCitJPPCVCry0BZlEFb5-QjKc/AAAABYqse6L564pNRuU6WAe3AtivldTCMuEPSNpKGYirxfagD5Pb5kJVR9BdPUCClMa-rceu5xsGC1o3lzMScjUvK6Jfew.jpg?r=461,113581
9290,The Boss Baby,2017-03-31,Movie,"['애니메이션', '모험', '코미디', '가족', '판타지']",0,1,0,0,0,0,1,1,1,1,0,0,0,0,0,0,0,0,0,0,0,0,0,0,0,https://occ-0-768-769.1.nflxso.net/dnm/api/v6/evlCitJPPCVCry0BZlEFb5-QjKc/AAAABTm6IT01W6wUhZpichUA2V5eAbHiai79wi6JW9srZEC777buC2yrtZeQLHVUjzNUbDRDYbnsb84c6_EqK0hOVyHqGg.jpg?r=3ad,109139
14498,Music and Lyrics,2007-02-14,Movie,"['코미디', '음악', '로맨스']",0,1,0,0,1,0,0,0,0,0,0,0,0,0,0,0,1,0,0,0,0,0,0,0,0,https://occ-0-114-116.1.nflxso.net/dnm/api/v6/evlCitJPPCVCry0BZlEFb5-QjKc/AAAABVztMdTDHWX4VhB19EZ87GMCuoJC1pYxV5uoWrY5Dx5OLrzE9lno17jhiKUL2yU_CxtTZTU_aVfZ1T2kS0Cczm4Y4A.jpg?r=917,97715
6016,"Love, Death and Robots",2019-03-15,Series,"['애니메이션', '단편', '코미디', '판타지', '공포', 'SF']",0,1,0,0,0,0,0,1,1,0,1,0,1,0,0,0,0,1,0,0,0,0,0,0,0,https://occ-0-2851-38.1.nflxso.net/dnm/api/v6/evlCitJPPCVCry0BZlEFb5-QjKc/AAAABZSs_wR1dsMLek1W6ozbYGj7w1T96PgzpN8LMHgmcyhwxcZ2I1pRgjx6c7gSNb7_bdzMRij6IWtEOm452qDiG1Kaor_ppYG5-70T2Vof6U3Ys_1GSD3-SRgiXpo.jpg?r=07c,96660
5498,When They See Us,2019-05-31,Series,"['전기', '범죄', '드라마', '역사']",1,0,0,0,0,1,0,0,0,0,0,0,0,0,1,1,0,0,0,0,0,0,0,0,0,https://occ-0-2851-38.1.nflxso.net/dnm/api/v6/evlCitJPPCVCry0BZlEFb5-QjKc/AAAABXM-M50kaH2UqwhYYUGwJC7W1LoRV7-kmEGJwGd91RJ5774jZ-nix4HOdAjZC3c-eRd7TRBwIpJoSxXBFX-cYTOaHYxP0fSgmAeahZMCN5yIiACYBY0Gv0cNXIM.jpg?r=662,92968
11695,The Last Kingdom,2015-10-10,Series,"['액션', '드라마', '역사']",1,0,1,0,0,0,0,0,0,0,0,0,0,0,0,1,0,0,0,0,0,0,0,0,0,https://occ-0-2851-38.1.nflxso.net/dnm/api/v6/evlCitJPPCVCry0BZlEFb5-QjKc/AAAABdj5qyRH3UyX-JCNbI0jtotveihjBpDT5gRTTMZ1NnLzSzrpfNpnr_Jgean8x1vlaTHsGy_Zh3Rw-qrJws6AwX3q7_CZ0ihGG2Zl5V0UgdqQS0VooXqoq6xLYJBkRF7vJfjRCFtdCVhedeenAKqv3sz6b9j6.jpg?r=25a,85388
6064,The Assassination of Gianni Versace,2016-02-02,Series,"['전기', '범죄', '드라마']",1,0,0,0,0,1,0,0,0,0,0,0,0,0,1,0,0,0,0,0,0,0,0,0,0,https://occ-0-2851-38.1.nflxso.net/dnm/api/v6/evlCitJPPCVCry0BZlEFb5-QjKc/AAAABZUr5d-JBYgOURbC6EefmCHX8SgHNEzwJHi0tBNF3cjCI6j8KxNbh07ZhgCcgPe4E8_-a4qdGZN2hOi3mV5eTjMSjQ.jpg?r=d83,80108
10748,The People v. O.J. Simpson,2016-02-02,Series,"['전기', '범죄', '드라마']",1,0,0,0,0,1,0,0,0,0,0,0,0,0,1,0,0,0,0,0,0,0,0,0,0,https://occ-0-2851-38.1.nflxso.net/dnm/api/v6/evlCitJPPCVCry0BZlEFb5-QjKc/AAAABd9OnBK6zjETXCq0V-2hxoxlSDF6DSKDhU-ZlHgAQOecs9ok3z8IPh5GKUtExyTqFxqh7-4HtqGbj80n-XpV3aC6PQ.jpg?r=f95,80108
1457,The Duchess,2008-10-10,Series,"['전기', '드라마', '역사', '로맨스']",1,0,0,0,1,0,0,0,0,0,0,0,0,0,1,1,0,0,0,0,0,0,0,0,0,https://occ-0-2851-1432.1.nflxso.net/dnm/api/v6/evlCitJPPCVCry0BZlEFb5-QjKc/AAAABQYi9QbrCVoYEx0QAIklMIsuxsjf0cN1L2Pwc2NBxgRSpTlJcv188nygMLnKLnmapaK_Upf4DbN-L-3cGhNlwMHvXAQZRIiPER5Abt47qw7qt84BWaNe5j0lwcY.jpg?r=486,78504
15385,Adventure Time,2010-04-05,Series,"['애니메이션', '단편', '액션', '모험', '코미디', '가족', '판타지', 'SF']",0,1,1,0,0,0,1,1,1,1,1,0,0,0,0,0,0,1,0,0,0,0,0,0,0,https://occ-0-2773-2774.1.nflxso.net/dnm/api/v6/evlCitJPPCVCry0BZlEFb5-QjKc/AAAABb30Uj4noFxuMlbj-SgYPPlFTSShGpWxq4w_0cuXppo6DvFs_E_Of-gbyPz3CccQpD2gDblkMebqjDJ-fr8YWmr6AQ.jpg?r=7fb,76936
15408,Marco Polo,2014-12-12,Series,"['모험', '드라마', '역사']",1,0,0,0,0,0,1,0,0,0,0,0,0,0,0,1,0,0,0,0,0,0,0,0,0,https://occ-0-2773-2774.1.nflxso.net/dnm/api/v6/evlCitJPPCVCry0BZlEFb5-QjKc/AAAABQVx1KtSyPHCJmQmtUJ1CcncfBPCLSvwyO0M5Dqc07BAHOZVrPzqENE4hfpQgSv2qkQ5hU2mw5f2Ki1frdbwE_41909ANMqg70FY0-y6mbL4g707jZh3pAJ47dA.jpg?r=146,64665
9285,Godless,2017-11-22,Series,"['드라마', '서부']",1,0,0,0,0,0,0,0,0,0,0,0,0,0,0,0,0,0,0,0,0,0,1,0,0,https://occ-0-2851-38.1.nflxso.net/dnm/api/v6/evlCitJPPCVCry0BZlEFb5-QjKc/AAAABaUUMFbMLxZBcg2Do0dn3UmXY95C49N9jex7JtoeHLCw6PvhcFqWX_bRlFDS_DOpS3Pk1LiVlVvoku5QwP03bqQsXY786pZfQAwfCsf6BC34qj2rg9Er343vgKM.jpg?r=ba8,52830
9275,Atlanta,2016-09-06,Series,"['코미디', '드라마', '음악']",1,1,0,0,0,0,0,0,0,0,0,0,0,0,0,0,1,0,0,0,0,0,0,0,0,https://occ-0-114-116.1.nflxso.net/dnm/api/v6/evlCitJPPCVCry0BZlEFb5-QjKc/AAAABcGWrzLYl9IctMkM6qHGyvpAWqSb2hRKCeFovWy4_ozkTOB6gygHPhMvNKVM8u6Ft5ms0OrA8UcD8QYGneJ17HPaOw.jpg?r=fba,51884
9804,GLOW,2017-06-23,Series,"['코미디', '드라마', '스포츠']",1,1,0,0,0,0,0,0,0,0,0,0,0,0,0,0,0,0,1,0,0,0,0,0,0,https://occ-0-2851-38.1.nflxso.net/dnm/api/v6/evlCitJPPCVCry0BZlEFb5-QjKc/AAAABQE6l27eUp3qxjRbxSafLs7ssgOXUhmCU4MBLFkXLe7l0XO2AGMwYsEQOgV2MjcKZUbcYGNt-AXvRBGmTyxJOol6V_3USEuxJJKH-n3DcHaCB6BmyCgy5_GqPHw.jpg?r=ce5,40124
11432,The Ranch,2016-04-01,Series,"['코미디', '드라마', '서부']",1,1,0,0,0,0,0,0,0,0,0,0,0,0,0,0,0,0,0,0,0,0,1,0,0,https://occ-0-2851-38.1.nflxso.net/dnm/api/v6/evlCitJPPCVCry0BZlEFb5-QjKc/AAAABRlYyFmo1-jeVqBzdAsxtIw-kyS2DvzWI6KMRJ4iMl2MP8oSBSZpfoA2iDVETdmv1dLMwgBGEEhiK783DNeXfjRKQeoD1udC8fwre8XLz6JJ7QxFw19uk-SNYrM.jpg?r=754,33914
3231,Keeping Up with the Kardashians,2007-10-14,Series,"['드라마', '가족', '리얼리티']",1,0,0,0,0,0,0,0,0,1,0,0,0,0,0,0,0,0,0,0,0,1,0,0,0,https://occ-0-2851-41.1.nflxso.net/dnm/api/v6/evlCitJPPCVCry0BZlEFb5-QjKc/AAAABfHOKVHt5COKelSHFG_Vaf3yW8AdN-_XF6qqkl__sdHvcUpf9MoLk_8myqtmNWOk1C7C-rRSUCgdpz4wHlrFjVSCFw.jpg?r=74f,26598
9338,Alias Grace,2017-11-03,Series,"['전기', '범죄', '드라마', '스릴러']",1,0,0,1,0,1,0,0,0,0,0,0,0,0,1,0,0,0,0,0,0,0,0,0,0,https://occ-0-2773-2774.1.nflxso.net/dnm/api/v6/evlCitJPPCVCry0BZlEFb5-QjKc/AAAABXGqjFRKgryv4xBlnLs7SUClBZwUdxKa2cje-53yIqBnMZZCel5ZYk_LmxoFhAIbknf1SXcDxUfTCWR988oEXD9vkNcRsBLecPjSbQCS4i8azRPSsMPHiSl6GVQ.jpg?r=759,26102
10935,Steven Universe,2013-07-27,Series,"['애니메이션', '단편', '액션', '모험', '코미디', '드라마', '가족', '판타지', '음악al', '미스터리', 'SF', '스릴러']",1,1,1,1,0,0,1,1,1,1,1,1,0,0,0,0,0,1,0,0,1,0,0,0,0,https://occ-0-2773-2774.1.nflxso.net/dnm/api/v6/evlCitJPPCVCry0BZlEFb5-QjKc/AAAABZVZbhO3moUHHkIHaiytQGVnkd1qMAUE7ifPVOU-RJWjxRRIZHTeuJcQlaFgcP73LFAz1oZDyjhIBOiJTkUHGB65lQ.jpg?r=c14,25931
15062,The Get Down,2016-08-12,Series,"['드라마', '음악', '음악al']",1,0,0,0,0,0,0,0,0,0,0,0,0,0,0,0,1,0,0,0,1,0,0,0,0,https://occ-0-2851-38.1.nflxso.net/dnm/api/v6/evlCitJPPCVCry0BZlEFb5-QjKc/AAAABYlN8n6ShGLz5LJzC0vatvOcejPhEY3FvCA0fZ-DLWs6A9w8deNuQSBBXdj6mlHrF3BnDgDX1pQq5ZdSkza8BotMuXQ3AuH4Ft3piPPgHtuDti2BJEuqhO9w2PE.jpg?r=c8a,21074
15097,My Little Pony  Friendship Is Magic,2010-10-10,Series,"['애니메이션', '모험', '코미디', '드라마', '가족', '판타지', '음악al', 'SF']",1,1,0,0,0,0,1,1,1,1,1,0,0,0,0,0,0,0,0,0,1,0,0,0,0,https://occ-0-2851-38.1.nflxso.net/dnm/api/v6/evlCitJPPCVCry0BZlEFb5-QjKc/AAAABVm_vaBKHtq7_B8XTXQ6L-REh7y2riC90VUCXlABb672XclBDP4-029p1Y7JqvweK-OBC5HOJx3MEktgEDFzUnUzBQ.jpg?r=2be,19044
11360,Teen Titans Go!,2013-04-23,Series,"['애니메이션', '단편', '모험', '코미디', '가족', 'SF']",0,1,0,0,0,0,1,1,0,1,1,0,0,0,0,0,0,1,0,0,0,0,0,0,0,https://occ-0-2773-2774.1.nflxso.net/dnm/api/v6/evlCitJPPCVCry0BZlEFb5-QjKc/AAAABXVRRFw0A8DJG_aXd62-whgub7UWp6ZnGGo5xp8ThezCL8yDBFt2iBGX_mItT9hPqfJLua4fFsn9D21T6HM437gx2A.jpg?r=624,17476
11528,Your Lie in April,2019-03-01,Series,"['애니메이션', '드라마', '음악', '로맨스']",1,0,0,0,1,0,0,1,0,0,0,0,0,0,0,0,1,0,0,0,0,0,0,0,0,https://occ-0-2851-38.1.nflxso.net/dnm/api/v6/evlCitJPPCVCry0BZlEFb5-QjKc/AAAABfA5RHSPKYEoFcKkI17RWmfMh1I3Q7iVFfrjonoVcah87mbl27lwKYkcs7LDOXe40zlknkNnTKMIMc0hnGQfZjQRYA.jpg?r=f10,17249
10410,Frontier,2017-01-20,Series,"['모험', '드라마', '역사']",1,0,0,0,0,0,1,0,0,0,0,0,0,0,0,1,0,0,0,0,0,0,0,0,0,https://occ-0-2851-38.1.nflxso.net/dnm/api/v6/evlCitJPPCVCry0BZlEFb5-QjKc/AAAABVuRDYmGrZs4H1tdTRwkkpUxaUCI_0Ptd0jb254p2fR1g6fxOuRAEaevfFwYjiJhCGayyf8Sh6gqKmBO7Jgqyan2z1dy5qZH2FKXalCet1j6ubeWYSyaljKNIk4.jpg?r=c58,17116
6985,Knightfall,2017-12-06,Series,"['액션', '모험', '드라마', '역사']",1,0,1,0,0,0,1,0,0,0,0,0,0,0,0,1,0,0,0,0,0,0,0,0,0,https://occ-0-2851-38.1.nflxso.net/dnm/api/v6/evlCitJPPCVCry0BZlEFb5-QjKc/AAAABaendlFLfoPEi01YOp99tlMruB6sO4SYmkQarDTYBuN8ioLfTrNHJ2siQ8UxDTP77aX-U4qAKTImnGWSqp9ArQhC9A.jpg?r=8d8,16979
11206,Crazy Ex-Girlfriend,2015-10-12,Series,"['코미디', '음악al']",0,1,0,0,0,0,0,0,0,0,0,0,0,0,0,0,0,0,0,0,1,0,0,0,0,https://occ-0-2851-38.1.nflxso.net/dnm/api/v6/evlCitJPPCVCry0BZlEFb5-QjKc/AAAABXb41Nnc3WJuD7g-nnT7oRxUqM6Z_CF-N-2FrkMkX7Qugknpric-CcOfFHtDaX4Aa2NcDaj5hUnpMpJvAh5Z-OPbQA.jpg?r=027,16941
12631,Hells Kitchen,2005-05-30,Series,"['게임쇼', '리얼리티']",0,0,0,0,0,0,0,0,0,0,0,0,0,0,0,0,0,0,0,0,0,1,0,1,0,http://occ-0-299-300.1.nflxso.net/dnm/api/v6/XsrytRUxks8BtTRf9HNlZkW2tvY/AAAABZiyzq9gbaLYXOVDjvzK4XkPuyNxqOVWYY-CJsnkX0z2jbdghdtve4tYfrgec_TaJoyre1KQq6_FRNDT8Tq6hqvvWsGH0cA.jpg?r=5c1,16804
8947,Queer Eye,2018-02-07,Series,['리얼리티'],0,0,0,0,0,0,0,0,0,0,0,0,0,0,0,0,0,0,0,0,0,1,0,0,0,https://occ-0-2851-38.1.nflxso.net/dnm/api/v6/evlCitJPPCVCry0BZlEFb5-QjKc/AAAABcbUBbILj_QoU7E0qk98njfuYBnLknl_QxP4RVp6igiEXBIvg1zWjY-cuMp3aU9kLoEhKkkM-P4x9EYbFJR8H_Tt1PhCFcxg0RvrFjCbzoyPia4wmpsOLgkcXME.jpg?r=d08,15500
15151,RuPauls Drag Race,2009-02-02,Series,"['게임쇼', '리얼리티']",0,0,0,0,0,0,0,0,0,0,0,0,0,0,0,0,0,0,0,0,0,1,0,1,0,https://occ-0-2506-1432.1.nflxso.net/dnm/api/v6/evlCitJPPCVCry0BZlEFb5-QjKc/AAAABVYddRmuETGVSsKlpCnIzRUnLbltFK2hyN0hO6zBvzGL2zIetvI4jl0GZn1vKgFlzSQepyrQIVIVHGEUUkfXIAcx9OplsR_v4n0YM5TX554NEmPbBMylf0Sqvpk.jpg?r=ae4,15334
11418,Versailles,2016-10-01,Series,"['전기', '드라마', '역사', '로맨스', '전쟁']",1,0,0,0,1,0,0,0,0,0,0,0,0,0,1,1,0,0,0,1,0,0,0,0,0,http://occ-0-2773-2774.1.nflxso.net/dnm/api/v6/evlCitJPPCVCry0BZlEFb5-QjKc/AAAABerlKTq1aGPrWLvd6KaW7gyQQDZbyUiEDGKC3WSzcHUrjp2xHubYsg6-Hv9mA-jybNWgZtGiMoc8AFUvyBCx_Lc5WQ.jpg?r=37a,13950
4036,Killer Inside  The Mind of Aaron Hernandez,2020-01-15,Series,"['다큐멘터리', '범죄']",0,0,0,0,0,1,0,0,0,0,0,0,0,1,0,0,0,0,0,0,0,0,0,0,0,https://occ-0-1490-1489.1.nflxso.net/dnm/api/v6/evlCitJPPCVCry0BZlEFb5-QjKc/AAAABfYv4vT3Vqkv8KqqpB0M8w_pLPuNOluuhnvmufkZFrvgNV4a6JGCs-vZ3bPEkNWKIiaBm8iIBkuzSnU0gxGNHJYdJMxezAV402wp-NnldGXPNci4yn8EWLgbRkA.jpg?r=a04,13355
352,Night Stalker  The Hunt for a Serial Killer,2021-01-13,Series,"['다큐멘터리', '범죄']",0,0,0,0,0,1,0,0,0,0,0,0,0,1,0,0,0,0,0,0,0,0,0,0,0,https://occ-0-4039-2774.1.nflxso.net/dnm/api/v6/evlCitJPPCVCry0BZlEFb5-QjKc/AAAABUUMMaD5VT_CUmKxgc5GHRE0Fv_uybOVjHY9WMrD6XYTZnGPrW1BK0Slv2afEK-o4x5CAN_InX5yEihByq0gwIlyL1K88l-32z-LYo6VPWdQDuuyGixFsvbXsJ8.jpg?r=fbb,13056
12594,Shaun the Sheep,2007-03-05,Series,"['애니메이션', '단편', '코미디', '가족']",0,1,0,0,0,0,0,1,0,1,0,0,0,0,0,0,0,1,0,0,0,0,0,0,0,https://occ-0-1490-1489.1.nflxso.net/dnm/api/v6/evlCitJPPCVCry0BZlEFb5-QjKc/AAAABR2cCHC7WzlGud52jXIuIVtr5JhnQ9CzERuEN_B6qtSWHGpfG3733DUyg5H0XKqoNx9F_o_zZ1OKivaft0nSkN4Yiw.jpg?r=a74,12149
5631,Brothers,2015-08-14,Series,"['액션', '드라마', '스포츠']",1,0,1,0,0,0,0,0,0,0,0,0,0,0,0,0,0,0,1,0,0,0,0,0,0,https://occ-0-2042-299.1.nflxso.net/dnm/api/v6/evlCitJPPCVCry0BZlEFb5-QjKc/AAAABbnbAKAiSxPTfJeLimfDEelv-Mc7aV4ITSZVWYCmZIP86NAegFDgynmfut4bxrw8EvhGTexkDZBc9m3VivxIg6F4yA.jpg?r=dce,11727
8783,The Defiant Ones,2017-07-09,Series,"['다큐멘터리', '전기', '범죄', '음악']",0,0,0,0,0,1,0,0,0,0,0,0,0,1,1,0,1,0,0,0,0,0,0,0,0,https://occ-0-2773-2774.1.nflxso.net/dnm/api/v6/evlCitJPPCVCry0BZlEFb5-QjKc/AAAABYM4qgncPP8ajOVDFQSfxbIs9F6j_DPIoCkA_Z5oVgG5Zm7TxxL0iJjPelnBA1oqlHvwOHRs6ydpr1Z8Gfj-WKnn6swjIbYIRaGhaqaqjoX4sZgP5EyBH-fxyew.jpg?r=9cd,11713
3691,The English Game,2020-03-20,Series,"['드라마', '역사', '스포츠']",1,0,0,0,0,0,0,0,0,0,0,0,0,0,0,1,0,0,1,0,0,0,0,0,0,https://occ-0-2851-38.1.nflxso.net/dnm/api/v6/evlCitJPPCVCry0BZlEFb5-QjKc/AAAABaUVoB-KdqGKSaimSjai9NkCHqtjviiObo_jyADxzWfoaUlcf4LC6bDHysybF1bJHg1v7P0_80sS5B1IHHcMaiUrVbkg1xpXmGuE6wpjnFw_jKPr_zW8iTgU6KA.jpg?r=375,11626
9047,Comedians in Cars Getting Coffee,2012-07-19,Series,"['코미디', '토크쇼']",0,1,0,0,0,0,0,0,0,0,0,0,0,0,0,0,0,0,0,0,0,0,0,0,1,https://occ-0-2851-38.1.nflxso.net/dnm/api/v6/evlCitJPPCVCry0BZlEFb5-QjKc/AAAABWjeAlM5RnrBQeUMqdatAQ0QBtrXiWEwzARMvOx3jEXwMeLV8Vs9kFxuCa9PmfizAEV4pbcmAdXljuW8mhPsV_yU5NcAJN6vmK47TuZJOA8cbbaLNDdTquoV034.jpg?r=280,11079
4112,Spinning Out,2020-01-01,Series,"['드라마', '스포츠']",1,0,0,0,0,0,0,0,0,0,0,0,0,0,0,0,0,0,1,0,0,0,0,0,0,https://occ-0-2851-38.1.nflxso.net/dnm/api/v6/evlCitJPPCVCry0BZlEFb5-QjKc/AAAABVmt8unEYdSh4d1Kg_XUgfBqJz2MywZoIsldbh8hgNkpFVHIxDGpynFEbLX_OzedsS9m1O1kcQ_yI-tj7RtqE7bs9DY9a83lfp1ctYJcUCQdvQGP1ZnxButSTis.jpg?r=5b1,10350
8908,The Frankenstein Chronicles,2018-02-20,Series,"['범죄', '드라마', '판타지', '역사', '미스터리']",1,0,0,0,0,1,0,0,1,0,0,1,0,0,0,1,0,0,0,0,0,0,0,0,0,https://occ-0-2851-38.1.nflxso.net/dnm/api/v6/evlCitJPPCVCry0BZlEFb5-QjKc/AAAABY2fDapRhHaYEZVWs6KJ8Yx5HCWIg-4Uq0MAnHoeHRIHJq7FEu6NZ3bXEQ3_C13JE_aJNFOyq4cbb0xrBtEVA5_mAWm5PlWMncSNuk5bwb3WNBvAeLXCogxeqQU.jpg?r=c66,9977
4584,The Devil Next Door,2019-11-04,Series,"['다큐멘터리', '범죄']",0,0,0,0,0,1,0,0,0,0,0,0,0,1,0,0,0,0,0,0,0,0,0,0,0,https://occ-0-2851-38.1.nflxso.net/dnm/api/v6/evlCitJPPCVCry0BZlEFb5-QjKc/AAAABX-_0vIrfQto1TI0AucyOYa_4Nf8Z-E2tmqAQf8Skn8EyqBVuKsQaHnylGUtHtyYmTgIPrpWcLAs8Am0HpMqAmrCmDw4jDlL5zmpnNpO9cp7M9MLBQ5eJPINf_A.jpg?r=da2,9813
3678,Freud,2020-03-23,Series,"['전기', '범죄', '역사', '스릴러']",0,0,0,1,0,1,0,0,0,0,0,0,0,0,1,1,0,0,0,0,0,0,0,0,0,https://occ-0-2851-38.1.nflxso.net/dnm/api/v6/evlCitJPPCVCry0BZlEFb5-QjKc/AAAABRzjcXP3vHsXGaSKVLRrjjnDXQkdfPLNn778IOnKgGK-3z0SUvYpe7fixXxr7cO-Rjcufn9h3xhM2lkDm9vhfhtqWtba_XdKHS-5VtlRzszBtf0Z4W2EHa2SPzo.jpg?r=abf,9664
2310,Crime Scene  The Vanishing at the Cecil Hotel,2021-02-10,Series,"['다큐멘터리', '범죄', '미스터리']",0,0,0,0,0,1,0,0,0,0,0,1,0,1,0,0,0,0,0,0,0,0,0,0,0,https://occ-0-2773-2774.1.nflxso.net/dnm/api/v6/evlCitJPPCVCry0BZlEFb5-QjKc/AAAABdydS7y4sXu6W6GbxvRQMj0ta9-K8LeMUu0HnHukJA9UXkCSGWr360IGNTJzoz83dhIwrpFbxuM77Gc6hB6_Xs0fAHG4xV-FaADadAamvN-drdK564vXlgL5cjA.jpg?r=e3d,9642
4888,Inside Bills Brain  Decoding Bill Gates,2019-09-20,Series,['다큐멘터리'],0,0,0,0,0,0,0,0,0,0,0,0,0,1,0,0,0,0,0,0,0,0,0,0,0,https://occ-0-2851-38.1.nflxso.net/dnm/api/v6/evlCitJPPCVCry0BZlEFb5-QjKc/AAAABcYzElDUmX0lrF0GrqzVaSyzApDIBgNb_ODVB02XtNZ-iGw86ELPnwrhbTkplkfUBkUBBJR5afz4Csi17ovrXrNPjjylucgbCOOXFcPKruMq470MRwg-jGofqVU.jpg?r=170,9130
6015,The Disappearance of Madeleine McCann,2019-03-15,Series,"['다큐멘터리', '범죄']",0,0,0,0,0,1,0,0,0,0,0,0,0,1,0,0,0,0,0,0,0,0,0,0,0,https://occ-0-2851-38.1.nflxso.net/dnm/api/v6/evlCitJPPCVCry0BZlEFb5-QjKc/AAAABSQe4Xm1ikIQ8-IyaNcwdCqaB5umgVhfBrVjXiOQw6FJY1WNV_t2iti_jIDNiZKfpVYWKXhcdzfQsHr7jzvf2x8bw_n-eQiHk5WZcGv0KlX8JtbSBO5pDAtuxho.jpg?r=0f0,8517
3828,The Trials of Gabriel Fernandez,2020-02-26,Series,"['다큐멘터리', '범죄']",0,0,0,0,0,1,0,0,0,0,0,0,0,1,0,0,0,0,0,0,0,0,0,0,0,https://occ-0-2851-38.1.nflxso.net/dnm/api/v6/evlCitJPPCVCry0BZlEFb5-QjKc/AAAABaHTQ2rbancG9i4dcacRv-w8rQNi-wJqfDu_jGM4k6pQ5vAZ4rLmhIEsjPcJGDK578scb2wAnquQnzskKSrpmfpk83eHeQCFZN-cb05QWG5rz8ufHl9KC_fqZv0.jpg?r=a73,8201
3483,Too Hot to Handle,2020-04-17,Series,"['게임쇼', '리얼리티', '로맨스']",0,0,0,0,1,0,0,0,0,0,0,0,0,0,0,0,0,0,0,0,0,1,0,1,0,https://occ-0-2851-38.1.nflxso.net/dnm/api/v6/evlCitJPPCVCry0BZlEFb5-QjKc/AAAABWHIRwbqBolY3RAeNMvBtqo7ffXTrv813DOYJfQhLqiP1vxunzOzxAa9-EvO1pWeBm4p42DGAWa4YRLxEKqDhz6sRSyK6Axts6OmZ16Ab9hCiq6rYMgCB2AOKPM.jpg?r=935,7724
2073,Unsolved Mysteries,2020-07-01,Series,"['다큐멘터리', '범죄', '미스터리']",0,0,0,0,0,1,0,0,0,0,0,1,0,1,0,0,0,0,0,0,0,0,0,0,0,https://occ-0-2774-2773.1.nflxso.net/dnm/api/v6/evlCitJPPCVCry0BZlEFb5-QjKc/AAAABadRxy0kWG7b7DJ8LRgq-6mLxjlzfMiVsGUPEDJyc7f2heIkYxah6RVm21o3s7SHpOIv9LeHG4FYyDCAWltfaqK2mETvHWl0atMgDRTvlKkoLwnTPrx7cwqFwvU.jpg?r=2aa,7365
7230,Car Masters  Rust to Riches,2018-09-14,Series,['리얼리티'],0,0,0,0,0,0,0,0,0,0,0,0,0,0,0,0,0,0,0,0,0,1,0,0,0,https://occ-0-2851-38.1.nflxso.net/dnm/api/v6/evlCitJPPCVCry0BZlEFb5-QjKc/AAAABauz9-JORl6760Yxzv7wrKfp56zusuvzIe2SY-iLnqTpbqwH8iwp4LpdSWbAQ4pgrmkHfP8Lgz9HAz-INSKrwUGY2ezO2tatx5rS8wqEU0c04GeY8ZRgKXyRBI8.jpg?r=897,7216
1061,Fabulous Lives of Bollywood Wives,2020-11-27,Series,['리얼리티'],0,0,0,0,0,0,0,0,0,0,0,0,0,0,0,0,0,0,0,0,0,1,0,0,0,https://occ-0-1068-92.1.nflxso.net/dnm/api/v6/evlCitJPPCVCry0BZlEFb5-QjKc/AAAABb73C7t1hhCrUaEYrmd5aVUqS7EOQA1AowuHtsUcsD1IiolH4SUIBouZ_AOImaoXFDwYvvgHMowPQUfse7wj3JkbPxh-tUdsMrLmP9HGBLL_jnx1MvG2nTOdXXA.jpg?r=423,7079
3841,Babies,2010-05-07,Series,['다큐멘터리'],0,0,0,0,0,0,0,0,0,0,0,0,0,1,0,0,0,0,0,0,0,0,0,0,0,https://occ-0-2851-38.1.nflxso.net/dnm/api/v6/evlCitJPPCVCry0BZlEFb5-QjKc/AAAABW08gLdxlXIJLbwpG93Hcl2jsqNLPSVc3LUhcOEb0Sk4SNt0Qwf3gGn-a_kZXV4P9ZBRcLd7T9RXkLB1TP627VheHYQK8PT34zB0NdRJKVcT6WLp6AYjBrOgaRs.jpg?r=6e3,6969
8963,Damnation,,Series,"['범죄', '드라마', '서부']",1,0,0,0,0,1,0,0,0,0,0,0,0,0,0,0,0,0,0,0,0,0,1,0,0,https://occ-0-2851-38.1.nflxso.net/dnm/api/v6/evlCitJPPCVCry0BZlEFb5-QjKc/AAAABa1u1AAO_WimfdHKs5UV7QcNnsAws5DqOUI2pcFzh3Uo5GuetpGyX4rNB6djgftpk9HQkFyEM-TdiqvxyhAQxY0-NeczKZu9LYuMNbnKGkaysgHISs7t1nWG6nU.jpg?r=cec,6923
12697,Explained,2018-05-23,Series,['다큐멘터리'],0,0,0,0,0,0,0,0,0,0,0,0,0,1,0,0,0,0,0,0,0,0,0,0,0,https://occ-0-2851-38.1.nflxso.net/dnm/api/v6/evlCitJPPCVCry0BZlEFb5-QjKc/AAAABZyRlILXpjH65ZMcrU1LHDObUQLj7abxLnxCKIC7EIiGmKBWrSBMId1w1po5aEzqfbxX2gfRgi__4FkvM5-BeFxNPSWvD2qGp_mWcdA7uOyLg0Cx94vWSmYiNas.jpg?r=92f,6882
6601,Sunderland Til I Die,2018-12-14,Series,"['다큐멘터리', '스포츠']",0,0,0,0,0,0,0,0,0,0,0,0,0,1,0,0,0,0,1,0,0,0,0,0,0,https://occ-0-2851-38.1.nflxso.net/dnm/api/v6/evlCitJPPCVCry0BZlEFb5-QjKc/AAAABdplADm8CKDvnYFD9NZ-u0BqpB2qSV5YyIxn3JSTtQEDV-shDXP8tfLfT-YmCL9ldFPKDzBcWqznEt1ZG0dYhQ5l_rA5-pqtU8N_sDd9gbZFQogLqNSrPFJZkvY.jpg?r=e27,6706
10036,Bill Nye Saves the World,2017-04-21,Series,"['코미디', '토크쇼']",0,1,0,0,0,0,0,0,0,0,0,0,0,0,0,0,0,0,0,0,0,0,0,0,1,https://occ-0-2851-38.1.nflxso.net/dnm/api/v6/evlCitJPPCVCry0BZlEFb5-QjKc/AAAABSASlnTrsLaK2iQ_d38-iTf7bQ2-vmSQGiEmFh_htNEyiNhZi0MzChfjBqE2aD4xDq009xNOoJchMLXVdin4rYN75d12n6DdKTo3GTDJevLbKDOr4Dji-98-S5Y.jpg?r=214,6656
6904,Patriot Act with Hasan Minhaj,2018-10-28,Series,"['코미디', 'news', '토크쇼']",0,1,0,0,0,0,0,0,0,0,0,0,0,0,0,0,0,0,0,0,0,0,0,0,1,https://occ-0-2851-38.1.nflxso.net/dnm/api/v6/evlCitJPPCVCry0BZlEFb5-QjKc/AAAABUcReXnb5fd3GpjK9uQ-Mam2tBJ2d_Ego71Ewxghq9w28FeUyEH6-XX1ZS-l96xezkR-ZW7JBkQVfJHoZrP4sDbL1LZQHSIu40iY4-4UEd3IQYerY8Lp6peuvvs.jpg?r=317,6538
4354,The Confession Killer,2019-12-06,Series,"['다큐멘터리', '범죄']",0,0,0,0,0,1,0,0,0,0,0,0,0,1,0,0,0,0,0,0,0,0,0,0,0,https://occ-0-2851-38.1.nflxso.net/dnm/api/v6/evlCitJPPCVCry0BZlEFb5-QjKc/AAAABVuHoxtQYQ7M_mwQLAjae0L0VN2jndj0Eh4-ortTiNOFf443I6QRBth2Jthf814BSUIutfQXuREC72g7xuQVW7IhbML_HtGoPOxUVt4ro6NbE9isCbqLUiBGo8w.jpg?r=535,6395
5285,The Last Czars,2019-07-03,Series,"['다큐멘터리', '드라마', '역사', '로맨스']",1,0,0,0,1,0,0,0,0,0,0,0,0,1,0,1,0,0,0,0,0,0,0,0,0,https://occ-0-2851-38.1.nflxso.net/dnm/api/v6/evlCitJPPCVCry0BZlEFb5-QjKc/AAAABfBOo_P5M0fejNXyerdHrWRzfDB0bs5H33SdqkqpZezk1pijQ29ya4KBfR92hWjS8omENzt3cg5Q5rtxLYnm2wJz30nltIIHggrH-4sub6WXhWnmLDtfnM-JtNY.jpg?r=41f,6309
1688,High Score,2020-08-19,Series,"['다큐멘터리', '역사']",0,0,0,0,0,0,0,0,0,0,0,0,0,1,0,1,0,0,0,0,0,0,0,0,0,https://occ-0-1489-1490.1.nflxso.net/dnm/api/v6/evlCitJPPCVCry0BZlEFb5-QjKc/AAAABTjo0BIv7zUZWxnMOGwP1u1n0h93JH8Duy4zAXF6XzY7PxfYns0fEVHlBLTglFOVwoE7P8JIO8zd5FgGdFuJjAhgz7mu8B8oVEoPsJh1Sd0UFd4r0P4ETTY7xEk.jpg?r=545,6117
1760,Three Kingdoms,2008-04-03,Series,"['액션', '드라마', '역사', '전쟁']",1,0,1,0,0,0,0,0,0,0,0,0,0,0,0,1,0,0,0,1,0,0,0,0,0,https://occ-0-1007-1360.1.nflxso.net/dnm/api/v6/evlCitJPPCVCry0BZlEFb5-QjKc/AAAABS8CxSoKYmsaHHZvbOpMHQU5V7h9KXc7bpbQRtqikiiVppnz5n0kp19GrZDhgbKbtrSMg8yR4E4a7ZcRvnWgFeTLEg.jpg?r=1c7,6097
11160,Last Chance U,2016-07-29,Series,"['다큐멘터리', '스포츠']",0,0,0,0,0,0,0,0,0,0,0,0,0,1,0,0,0,0,1,0,0,0,0,0,0,https://occ-0-2851-38.1.nflxso.net/dnm/api/v6/evlCitJPPCVCry0BZlEFb5-QjKc/AAAABTM407EiCV7L1DteHsziw9t8SQE7pxcnPM_yhd0-OQdhUl3Cu3pr6w8tT_-EA-91M2xFRn74tsr1k9U4nsMwVFQiigAs7lyn-PMW6KpQqJ-ouEi3T1vxB0QclxU.jpg?r=a02,5981
6581,RuPaul s Drag Race  All Stars,2012-10-01,Series,"['게임쇼', '리얼리티']",0,0,0,0,0,0,0,0,0,0,0,0,0,0,0,0,0,0,0,0,0,1,0,1,0,https://occ-0-2851-38.1.nflxso.net/dnm/api/v6/evlCitJPPCVCry0BZlEFb5-QjKc/AAAABYkTP0ACA_5p4psdPrDPH58b4vUM63ffDSJSFe1y8lLCZgKhouGo6AAwSIT0MJCrjxyWCFzFf4QJ0zH8OfuUicmEaA.jpg?r=88d,5915
1462,Julie and the Phantoms,2020-09-10,Series,"['코미디', '가족', '판타지', '음악al']",0,1,0,0,0,0,0,0,1,1,0,0,0,0,0,0,0,0,0,0,1,0,0,0,0,https://occ-0-1952-2433.1.nflxso.net/dnm/api/v6/evlCitJPPCVCry0BZlEFb5-QjKc/AAAABastmurG_Uog4jXHlMS-mMjMYNYKl9FDsyIc5IiAte2xmDfMo3A4_Q0a1uklegicbsMRGO3UvKPI0GY7AeFxDJRegRURaIK-l0wjG18OlvF8mwO8DD4tLGjI2as.jpg?r=a70,5688
1882,Fear City  New York vs The Mafia,2020-07-22,Series,"['다큐멘터리', '범죄']",0,0,0,0,0,1,0,0,0,0,0,0,0,1,0,0,0,0,0,0,0,0,0,0,0,https://occ-0-1007-1360.1.nflxso.net/dnm/api/v6/evlCitJPPCVCry0BZlEFb5-QjKc/AAAABULka1UMFrlpr79Lh2mmfHfoAdWuitjmC70fEdFdWJyNhgeeyirn1s3CDl0FrTbg-OEuKPdXkXx5SeeYfVtHydRzBaHonLzuNJzu8cTF-IlAPPjEiI1v4fgjVo0.jpg?r=ade,5559
3228,Top Chef,2006-02-15,Series,"['게임쇼', '리얼리티']",0,0,0,0,0,0,0,0,0,0,0,0,0,0,0,0,0,0,0,0,0,1,0,1,0,https://occ-0-2851-41.1.nflxso.net/dnm/api/v6/evlCitJPPCVCry0BZlEFb5-QjKc/AAAABWZ7KqbBjoJKw6AB7dR_xNBRyjTKJ39zXQ8B2IdARwi4Y4oopL9pw0Q7G5vAIrH0vakYCF5BPn_xIyES9XLmzfkC2A.jpg?r=811,5506
3899,The Pharmacist,2020-02-05,Series,"['다큐멘터리', '범죄']",0,0,0,0,0,1,0,0,0,0,0,0,0,1,0,0,0,0,0,0,0,0,0,0,0,https://occ-0-2851-38.1.nflxso.net/dnm/api/v6/evlCitJPPCVCry0BZlEFb5-QjKc/AAAABVujopXat41g1sB5ZMCI2QEU3bt1ozT1ncqNtaCdRh8N2WahNxS5novCylnzBZwD0XZhpBvM3NAGukMIlK8XugtIswmAaTO31PH6yg1NAPRyu_MCu4lp7a79v2c.jpg?r=8de,5386
10650,Kurokos Basketball,2012-04-07,Series,"['애니메이션', '코미디', '스포츠']",0,1,0,0,0,0,0,1,0,0,0,0,0,0,0,0,0,0,1,0,0,0,0,0,0,https://occ-0-1007-1360.1.nflxso.net/dnm/api/v6/evlCitJPPCVCry0BZlEFb5-QjKc/AAAABbwwMUR8-tXEWh2z2HaQdPcZVZ7y7WRIABTXRi4vNf0weW-SiR-sqAiSo_G9zhr7I-Oz2-LxNEJWh5wIbIxgfZ3nxA.jpg?r=195,5283
10512,Sonic Boom,2014-11-08,Series,"['애니메이션', '단편', '액션', '모험', '코미디', '가족', '판타지', 'SF']",0,1,1,0,0,0,1,1,1,1,1,0,0,0,0,0,0,1,0,0,0,0,0,0,0,https://occ-0-2851-38.1.nflxso.net/dnm/api/v6/evlCitJPPCVCry0BZlEFb5-QjKc/AAAABanvV821cwW6uGlOY2485caOXPv1_yA6bw-DX-V0D2UwFZmIR7Ba1Rl94d4nC-L5cT8nYAx4KYjW5I_PhoSNwyYGmA.jpg?r=097,5277
4563,Greatest Events of WWII in Colour,2019-11-08,Series,"['다큐멘터리', '역사', '전쟁']",0,0,0,0,0,0,0,0,0,0,0,0,0,1,0,1,0,0,0,1,0,0,0,0,0,https://occ-0-2851-38.1.nflxso.net/dnm/api/v6/evlCitJPPCVCry0BZlEFb5-QjKc/AAAABWT3i0qc3ipkUyGvhKw2DqDaLvXVWOgq7M16_h61bqVRgY1jsSZXV5TdiXe8reWosTcQtpo7eKFQwm4iWEkGOMf2sw.jpg?r=5bb,5276
10388,Scarlet Heart  Ryeo,2016-08-29,Series,"['드라마', '판타지', '역사', '로맨스']",1,0,0,0,1,0,0,0,1,0,0,0,0,0,0,1,0,0,0,0,0,0,0,0,0,https://occ-0-1007-1360.1.nflxso.net/dnm/api/v6/evlCitJPPCVCry0BZlEFb5-QjKc/AAAABYCBmMchi7zdmIdJxqwvVYwrlp2C96u3yzsW4eLy2xAWiOS53I8mNRwjeT-76PZqBo2Za1mk6Mch9ZwSWTKVu2e0LQ.jpg?r=d1b,5111
1124,The Liberator,2014-07-24,Series,"['전기', '드라마', '역사']",1,0,0,0,0,0,0,0,0,0,0,0,0,0,1,1,0,0,0,0,0,0,0,0,0,https://occ-0-2851-1432.1.nflxso.net/dnm/api/v6/evlCitJPPCVCry0BZlEFb5-QjKc/AAAABSowPV1nc2Dth1HKGn6J5s1qJoUYBLIMlY7YCDCeyNZ1A2Z4cP5mIyxjGVkzuAqW0pyZdvPrtm23IjCtl77W4sFAXVGfvDzAR8536zWjTXprRm3XtaJOmhQyObY.jpg?r=69f,5038
10607,Hip-Hop Evolution,2016-09-04,Series,"['다큐멘터리', '음악']",0,0,0,0,0,0,0,0,0,0,0,0,0,1,0,0,1,0,0,0,0,0,0,0,0,https://occ-0-2851-38.1.nflxso.net/dnm/api/v6/evlCitJPPCVCry0BZlEFb5-QjKc/AAAABegne0Mq4rDz3u1cjvPCrPpjpBWq1ob3KX4YJnw4m4v_O82xrHSdI2u3dA1LJLnjpAOp2xzsR6BAMP7Zz4U7kOhIxO_7Lb_5ayf9q16DHHD0w-9r2ccqIVqTXVI.jpg?r=5a8,5023
6600,The Innocent Man,2018-12-14,Series,"['다큐멘터리', '범죄']",0,0,0,0,0,1,0,0,0,0,0,0,0,1,0,0,0,0,0,0,0,0,0,0,0,https://occ-0-2851-38.1.nflxso.net/dnm/api/v6/evlCitJPPCVCry0BZlEFb5-QjKc/AAAABWZMT27RH7TxoU37pcvoVtD7YgW4hzKilkAoJL20Qsqwm6GINN2IOeeZwBqELVhi6GBOTLw6ZYWEys-u2wSyGW5sbvIj7uGUDSQWjjT3VRiccVPMGeMsfYVBk3E.jpg?r=b45,4910
3224,The Real Housewives of Beverly Hills,2010-10-14,Series,['리얼리티'],0,0,0,0,0,0,0,0,0,0,0,0,0,0,0,0,0,0,0,0,0,1,0,0,0,https://occ-0-2851-41.1.nflxso.net/dnm/api/v6/evlCitJPPCVCry0BZlEFb5-QjKc/AAAABZw9jYKf28kxIz_FA9L6id-FZWP6AtMAesomjNvMNWcmmZ_y9YYG6ZUc-rmNc0U0hRtVzYcNID6UaCNuThIPoNV-eA.jpg?r=fea,4889
9201,The Toys That Made Us,2017-12-22,Series,"['다큐멘터리', '코미디', '역사']",0,1,0,0,0,0,0,0,0,0,0,0,0,1,0,1,0,0,0,0,0,0,0,0,0,https://occ-0-2851-38.1.nflxso.net/dnm/api/v6/evlCitJPPCVCry0BZlEFb5-QjKc/AAAABczWsjnMbRYK5K8bJTOw8HqQN0DTzUN5gXjf0iQR8RB9TRDHQI1VxqTeB_5_cKnFRQNaQIrRWFPZtkqUjuOo7fCaIS5bv0UJJMFaVk1dTCmQddd_eDYgm6SziYA.jpg?r=da4,4877
12889,The Confession Tapes,2017-09-08,Series,"['다큐멘터리', '범죄']",0,0,0,0,0,1,0,0,0,0,0,0,0,1,0,0,0,0,0,0,0,0,0,0,0,https://occ-0-2851-38.1.nflxso.net/dnm/api/v6/evlCitJPPCVCry0BZlEFb5-QjKc/AAAABW4-aSQMiJILIu9G3TC4cKw4enAX35y97agbDbtqUrDnNa81L_24mEvQxoG0ngoGrgl8oJ_FP8a9NPTWKrnessh48XJpdrEO42FAhq4gVXZRcpaSLu7FgIAUxjQ.jpg?r=ddc,4809
10352,Abstract  The Art of Design,2017-01-21,Series,['다큐멘터리'],0,0,0,0,0,0,0,0,0,0,0,0,0,1,0,0,0,0,0,0,0,0,0,0,0,https://occ-0-2851-38.1.nflxso.net/dnm/api/v6/evlCitJPPCVCry0BZlEFb5-QjKc/AAAABVqyQ7xytHyDk0tAhAHO7-vfl1mt7JCzs6KQIqk9nm-wQgN3XRkggyZ5RWbvFZPlirPrqBcBhldo2nZsHcTAGRFI4VSXt_Sc_UVWPysrQ-U5xqrgOCd6R9xO6AU.jpg?r=aee,4786
3867,Love Is Blind,2020-02-13,Series,"['리얼리티', '로맨스']",0,0,0,0,1,0,0,0,0,0,0,0,0,0,0,0,0,0,0,0,0,1,0,0,0,https://occ-0-2851-38.1.nflxso.net/dnm/api/v6/evlCitJPPCVCry0BZlEFb5-QjKc/AAAABZnmK9K7pnw5Q7rRW4W5CwfR_w2JR_bcxEkv37qg9dnvSxcUG_b5qFB5QmFzaz_nreVVPNf7cWefGNBjOG8cH8V6T5-6oPq4iYIeiNuu5VGNj_XSaRi9sBqSjBc.jpg?r=d1d,4784
9023,My Next Guest Needs No Introduction With David Letterman,2018-01-12,Series,['토크쇼'],0,0,0,0,0,0,0,0,0,0,0,0,0,0,0,0,0,0,0,0,0,0,0,0,1,https://occ-0-2851-38.1.nflxso.net/dnm/api/v6/evlCitJPPCVCry0BZlEFb5-QjKc/AAAABdpaH8eiV4-U8GUxtyGUnWUJ3vhsuZ7xWNsuicYyK5-EKUeJQmOSB3ApPj0TFsuxam9387htZ9bhIp2LwopJInHfR8wkF6R2k1ONRLNE2UZKKmWoGdWlzyHwi3s.jpg?r=fcd,4761
