old_index,title,release_date,series_or_movies,drama,comedy,action,thriller,romance,crime,adventure,animation,fantasy,family,sci-fi,mystery,horror,documentary,biography,history,music,short,sport,war,musical,reality-tv,western,game-show,talk-show,Title for Crawling,Image,korean_title,english_title,num_of_netizen
58,Miss Baek,2018-10-11,Movie,1,0,0,0,0,0,0,0,0,0,0,0,0,0,0,0,0,0,0,0,0,0,0,0,0,missbaek,https://occ-0-1361-988.1.nflxso.net/dnm/api/v6/evlCitJPPCVCry0BZlEFb5-QjKc/AAAABRN8pRScrbI4_pfun7KQdah8Cj-o8g2erBo4EuGSPzcNynBD-XkWSC67gDdZrtL3mPUaENU5NH3l3T6WwbPg9dzXjA.jpg?r=a54,미쓰백,missbaek,8671
74,Keys To The Heart,2018-01-26,Movie,1,1,0,0,0,0,0,0,0,1,0,0,0,0,0,0,0,0,0,0,0,0,0,0,0,keystotheheart,https://occ-0-1361-988.1.nflxso.net/dnm/api/v6/evlCitJPPCVCry0BZlEFb5-QjKc/AAAABRbFw-Te0EQ4Xuva03luk_sW4C3tBxJpqZST2J5pIVjOGAYbyNg4GY7DO90-n3lTHXnUVn-eJr99zr-fnkSYEPyt9A.jpg?r=25c,그것만이 내 세상,keystotheheart,15829
75,Intimate Strangers,2004-09-03,Movie,1,0,0,1,1,0,0,0,0,0,0,0,0,0,0,0,0,0,0,0,0,0,0,0,0,intimatestrangers,https://occ-0-1361-988.1.nflxso.net/dnm/api/v6/evlCitJPPCVCry0BZlEFb5-QjKc/AAAABbPuiZUIyySIY_Q9dzy_4XRqGTkp1-eDAg7OxyjqHuYaQes1R_mRTWOBf4GZzSnwWr-zoouYrgwZknvtQQw8ooc-tw.jpg?r=832,완벽한 타인,intimatestrangers,23874
78,Gonjiam  Haunted Asylum,2018-03-28,Movie,0,0,0,0,0,0,0,0,0,0,0,0,1,0,0,0,0,0,0,0,0,0,0,0,0,gonjiamhauntedasylum,https://occ-0-1361-988.1.nflxso.net/dnm/api/v6/evlCitJPPCVCry0BZlEFb5-QjKc/AAAABQIFZyT1ECJvasQDzij2y3rt7hCFRdkkcP_4KCtH7wiRK_YTaTTQC_RWT3SJZXlFsjNggYB41-qkcjvXdrlLO-Criw.jpg?r=312,곤지암,gonjiamhauntedasylum,16845
79,Golden Slumber,2010-01-30,Movie,1,0,1,1,0,0,0,0,0,0,0,0,0,0,0,0,0,0,0,0,0,0,0,0,0,goldenslumber,https://occ-0-1361-988.1.nflxso.net/dnm/api/v6/evlCitJPPCVCry0BZlEFb5-QjKc/AAAABVdjRFHyZ9u8T9gDHE8GQs5fT0tcbV2SGbagdNUaoHB0MA5sfFDG8qrEeuo5Javfoc5IiNttCFnFWvj16CA2hyjy1w.jpg?r=bae,골든슬럼버,goldenslumber,9609
80,Extreme Job,2019-06-21,Movie,0,1,1,0,0,1,0,0,0,0,0,0,0,0,0,0,0,0,0,0,0,0,0,0,0,extremejob,https://occ-0-1361-988.1.nflxso.net/dnm/api/v6/evlCitJPPCVCry0BZlEFb5-QjKc/AAAABXq2et4bjVAKcs3OfgiPBIzCNkBQYMx19f_EokjuFz_U6yzLK_pnicslRt-lElkJpPh_Y52yYp6--4QGDAFBROLNew.jpg?r=713,극한직업,extremejob,47554
81,Default,2018-11-28,Movie,1,0,0,0,0,0,0,0,0,0,0,0,0,0,0,0,0,0,0,0,0,0,0,0,0,default,https://occ-0-1361-988.1.nflxso.net/dnm/api/v6/evlCitJPPCVCry0BZlEFb5-QjKc/AAAABYsqGiT9BR1ZX4olvlXrmtXPMpK9A01qHWTrHXDjC5_f7oPzP_Aj4Gv4q5avnY2-F-fZjKR9w21yWePQ7uFBokBsWw.jpg?r=59a,국가부도의 날,default,14744
90,The Accidental Detective 2  In Action,2018-06-22,Movie,0,1,0,1,0,1,0,0,0,0,0,0,0,0,0,0,0,0,0,0,0,0,0,0,0,theaccidentaldetective2inaction,https://occ-0-1361-988.1.nflxso.net/dnm/api/v6/evlCitJPPCVCry0BZlEFb5-QjKc/AAAABaHCjN-6B-wAcoCj9gnfYN2JM4X84Hr2sjzRcH-96qVn0e7F-9NmwackNzxSXlLcu9CfZK8Ar5Un5FhBXrc40GfsMA.jpg?r=489,탐정: 리턴즈,theaccidentaldetective2inaction,10084
92,1987  When the Day Comes,2018-01-12,Movie,1,0,0,0,0,0,0,0,0,0,0,0,0,0,0,0,0,0,0,0,0,0,0,0,0,1987whenthedaycomes,https://occ-0-1361-988.1.nflxso.net/dnm/api/v6/evlCitJPPCVCry0BZlEFb5-QjKc/AAAABZ4s5_1TWOC5V3oq5XD7jPijHsiW42SvEym4xH8MZ6lR_2SsQXJNeHbZxbysrTxwMtj1acNLBcg6luD_xCGqN20jvw.jpg?r=837,1987,1987whenthedaycomes,33657
190,Space Sweepers,2021-02-05,Movie,1,0,1,0,0,0,1,0,1,0,1,0,0,0,0,0,0,0,0,0,0,0,0,0,0,spacesweepers,https://occ-0-4039-1432.1.nflxso.net/dnm/api/v6/evlCitJPPCVCry0BZlEFb5-QjKc/AAAABc29R8hCxhVgs6jKH76299hgQOdUTdP-ajCbkUMBmDbgLbLqn2QWC7WVX0QLBAx--u0bSM-iRJPUm_tCE4RvBiSw1s3C8u10tQQ4_oJzPmCnwsUDmQ1COrit5OY.jpg?r=1de,승리호,spacesweepers,7672
271,Samjin Company English Class,2020-10-21,Movie,1,1,0,0,0,0,0,0,0,0,0,0,0,0,0,0,0,0,0,0,0,0,0,0,0,samjincompanyenglishclass,https://occ-0-1361-988.1.nflxso.net/dnm/api/v6/evlCitJPPCVCry0BZlEFb5-QjKc/AAAABXMpsEZ8oLvOno7_FnwRmHjpxXvGEfjHcxIAIKH6UwLxVJhPJGCBv86vhpVVDBBrgqs0JmL5KEBaUU8AN8txLVBEPg.jpg?r=59c,삼진그룹 영어토익반,samjincompanyenglishclass,8780
698,Take Point,2018-12-26,Movie,0,0,1,1,0,0,0,0,0,0,0,0,0,0,0,0,0,0,0,0,0,0,0,0,0,takepoint,https://occ-0-58-64.1.nflxso.net/dnm/api/v6/evlCitJPPCVCry0BZlEFb5-QjKc/AAAABc-nARfFECrwZdomVPy0YQq2FuL70N2TucVVSdrtnTodaYwNNGSfOkbLN5rouUb2zCSKYvqLt5OY0TmZEHKPU3TGUA.jpg?r=98f,PMC: 더 벙커,takepoint,10998
1026,The Swindlers,2017-12-01,Movie,0,0,1,1,0,1,0,0,0,0,0,0,0,0,0,0,0,0,0,0,0,0,0,0,0,theswindlers,https://occ-0-3467-3466.1.nflxso.net/dnm/api/v6/evlCitJPPCVCry0BZlEFb5-QjKc/AAAABWHsqFf8JkpGVt30zu18uhWZsXMNNDihJSxPa4DKetcr1DK2bAkwq53rjsIMqpS0UQkwlRe3Jaw802E3II52TVtPVQ.jpg?r=2f8,꾼,theswindlers,12829
1678,A Resistance,2019-02-27,Movie,0,0,0,0,0,0,0,0,0,0,0,0,0,0,0,0,0,0,0,0,0,0,0,0,0,aresistance,https://occ-0-1007-1360.1.nflxso.net/dnm/api/v6/evlCitJPPCVCry0BZlEFb5-QjKc/AAAABa0oqA1OEa86NyvYzDPdKHuwe2narAe2T34sM9RWIrYSTDNiPUOQ4HAv-7ES8pZsV9S63NwsLOLZkiyOtjJx0ck0VA.jpg?r=848,항거:유관순 이야기,aresistance,7460
1680,Tazza  One Eyed Jack,2019-09-20,Movie,1,0,0,1,0,1,0,0,0,0,0,0,0,0,0,0,0,0,0,0,0,0,0,0,0,tazzaoneeyedjack,https://occ-0-1007-1360.1.nflxso.net/dnm/api/v6/evlCitJPPCVCry0BZlEFb5-QjKc/AAAABVpTjkxu8VUeq8WeKwCFwmu0BD2AkhKCN80KznKzhLZ2K7CjklszN6zTtVmrdoj2-x-3tj1NRrIUw7R0-tlxPFccM1ZEsGKsBBus7xiH3bgB5oToDzi0FhdpFiEK7eRF7H_4NbFLQEAR22azCRgRvHJfvA.jpg?r=0a6,타짜: 원 아이드 잭,tazzaoneeyedjack,12683
1681,Forbidden Dream,2019-12-26,Movie,1,0,0,0,0,0,0,0,0,0,0,0,0,0,0,1,0,0,0,0,0,0,0,0,0,forbiddendream,https://occ-0-1007-1360.1.nflxso.net/dnm/api/v6/evlCitJPPCVCry0BZlEFb5-QjKc/AAAABfFmxNitd4Cnnk7SUSeZoTYutFxZwo_kX60jZHIhTQVZ1WqrpgWDiIZ9UtUA1Ri0BP1H_WDq2v-EnJ2yI6dcAEAVhg.jpg?r=9f4,천문: 하늘에 묻는다,forbiddendream,12582
1682,Kim Ji-Young  Born 1982,2019-10-23,Movie,1,0,0,0,0,0,0,0,0,0,0,0,0,0,0,0,0,0,0,0,0,0,0,0,0,kimjiyoungborn1982,https://occ-0-1007-1360.1.nflxso.net/dnm/api/v6/evlCitJPPCVCry0BZlEFb5-QjKc/AAAABSBjYsTKCVDTBdpm-hVD9IxHXoWbL_3GaoPktHD8kRadlb9C_KVZOJjxN7Vi00lsyzVAhrQexwW-0cKxfKUEF0_2xT19lsbH_OKLXi5MiRIxCmWHsrC3SRmIIBglf8wJC_ZFZkYl3b__oxRpt4wQwUETVg.jpg?r=38e,82년생 김지영,kimjiyoungborn1982,50558
1683,Hitman  Agent Jun,2020-01-22,Movie,0,1,1,0,0,0,0,0,0,0,0,0,0,0,0,0,0,0,0,0,0,0,0,0,0,hitmanagentjun,https://occ-0-1007-1360.1.nflxso.net/dnm/api/v6/evlCitJPPCVCry0BZlEFb5-QjKc/AAAABYtSfLl2Q1FTFieVH5OXqcW6hJd2OrXEcj__Sh17-7mpqQustDOEh_CGoacMIB2yjzQWP5h8sd3qBF_ewusMkLM1Ei6GiJRSE3axhCnFgm1Ym83NylOVAPyz8AT_0_ztUTJprhnbH57unBx-tYyZKlf7bw.jpg?r=d30,히트맨,hitmanagentjun,12634
1684,The Divine Fury,2019-07-31,Movie,0,0,1,1,0,0,0,0,0,0,0,0,1,0,0,0,0,0,0,0,0,0,0,0,0,thedivinefury,https://occ-0-1007-1360.1.nflxso.net/dnm/api/v6/evlCitJPPCVCry0BZlEFb5-QjKc/AAAABZS0GvHpsdF1y63esqzk8-xoCalvOxCqST94c0Oy7zJaIWdzTRD59-Y53J_FYWKK5APaH24d8yFfjCl6mpcxS2cMT8MIAvTTw-DXTjPYbpuvKN0dZmQug9dfmawqj3dwQRFQ_lVrwg56kByVQYWpojIIbA.jpg?r=60a,사자,thedivinefury,13737
1764,The Battle  Roar to Victory,2019-08-16,Movie,1,0,1,0,0,0,0,0,0,0,0,0,0,0,0,1,0,0,0,1,0,0,0,0,0,thebattleroartovictory,https://occ-0-1007-1360.1.nflxso.net/dnm/api/v6/evlCitJPPCVCry0BZlEFb5-QjKc/AAAABd4Tk5QFiwefIVF6e8B5tjiQoaQVNn6axfWUu3jbrdRtxd7Yr2kN6psNHG5QIwvJ5hl4Xz9AjjJzv8nIM3QBJGnYx0dnSjBC8lWvOHqJKK-4di87rSEnh8h4G76lHsh-Qm6kdCkxTLMw7uAdiikPyQkXng.jpg?r=aba,봉오동 전투,thebattleroartovictory,24943
2475,Race to Freedom  Um Bok Dong,,Movie,0,0,0,0,0,0,0,0,0,0,0,0,0,0,0,0,0,0,0,0,0,0,0,0,0,racetofreedomumbokdong,https://occ-0-1361-988.1.nflxso.net/dnm/api/v6/evlCitJPPCVCry0BZlEFb5-QjKc/AAAABU5c5z2Rk200hOhrdd_2R7ILIbAuy9mQmi7w0VRPQHbKyKYc4A7-KLvisicYQBOstEh80eruQastY-nkzsHD3yjTbg.jpg?r=f78,자전차왕 엄복동,racetofreedomumbokdong,8277
2919,#Alive,,Movie,0,0,0,0,0,0,0,0,0,0,0,0,0,0,0,0,0,0,0,0,0,0,0,0,0,alive,https://occ-0-1952-2433.1.nflxso.net/dnm/api/v6/evlCitJPPCVCry0BZlEFb5-QjKc/AAAABWKsegq9Iyegqn0IVgx6Uul4OQYTXtYmyLo4jFdVwRfOvC_hmLW4nkbAqNBiMs4SNIjq1_FWxsRzcubtyWi8FW_Etly4qb80Wqe-4DToXsPeQELn6DGA7ByXwBQ.jpg?r=9a6,#살아있다,alive,18646
2972,Innocent Witness,2019-02-13,Movie,1,0,0,0,0,1,0,0,0,0,0,0,0,0,0,0,0,0,0,0,0,0,0,0,0,innocentwitness,https://occ-0-1007-1360.1.nflxso.net/dnm/api/v6/evlCitJPPCVCry0BZlEFb5-QjKc/AAAABRF2noOmXAmYHTr9_Sy5eElcFbs32S1M975_e21GgQfRAu0uuQ75CS_yRtCbhB1SA8m0oUu67DJ_Kr_hSQa0ozPEAw.jpg?r=7e3,증인,innocentwitness,13031
3123,Honest Candidate,2020-02-12,Movie,0,1,0,0,0,0,0,0,0,0,0,0,0,0,0,0,0,0,0,0,0,0,0,0,0,honestcandidate,https://occ-0-1007-1360.1.nflxso.net/dnm/api/v6/evlCitJPPCVCry0BZlEFb5-QjKc/AAAABYmCf_PAlkqPEiCnRS7L4wnSnXshEssP7j0DURP09yO4VxuH91xfzHMZEY67WDJ6p6Nvwtdpv2DISTTvoyM9EbfxlA4Fh922fRj1C48vH1m7a9Q0MT7Ht52WaVduPy5knArs8oc5y43bW2yRbmvMobkp1w.jpg?r=f59,정직한 후보,honestcandidate,6817
3124,Fast & Furious Presents  Hobbs & Shaw,2013-05-24,Movie,0,0,1,1,0,0,1,0,0,0,0,0,0,0,0,0,0,0,0,0,0,0,0,0,0,fastfuriouspresentshobbsshaw,https://occ-0-1007-1360.1.nflxso.net/dnm/api/v6/evlCitJPPCVCry0BZlEFb5-QjKc/AAAABb-gf_DKrPHaDcb_FOCEhwXfBKUxMdEU8U-QTLBfvbXkP7LNu1KaP1a3QWPPPFqiZIyI_gnDWHzcKvKVow_-1HX1Yg.jpg?r=6e6,분노의 질주: 홉스&amp;쇼,fastfuriouspresentshobbsshaw,8677
3454,Time to Hunt,2020-04-10,Movie,1,0,1,1,0,1,0,0,0,0,1,0,0,0,0,0,0,0,0,0,0,0,0,0,0,timetohunt,https://occ-0-2851-38.1.nflxso.net/dnm/api/v6/evlCitJPPCVCry0BZlEFb5-QjKc/AAAABWdlRQMK09Fus62JSq79BnwyvtLwlRqaJPgPJtkfCEFMqz9hZluyyBtaiyhKA56rsrgw_Jspc0pDYyIONnTJB38CbEF8HgWrfmDcTVVDfgxOBa6zKGgeX_GRm_k.jpg?r=65c,사냥의 시간,timetohunt,9676
3470,The Man Standing Next,2020-01-24,Movie,1,0,0,1,0,0,0,0,0,0,0,0,0,0,0,1,0,0,0,0,0,0,0,0,0,themanstandingnext,https://occ-0-1007-1360.1.nflxso.net/dnm/api/v6/evlCitJPPCVCry0BZlEFb5-QjKc/AAAABVYg3mzwLpVuVtfEskVqbukc6uGELQcX0jI6t7128t60TYCK3NPiS6cnxKhmjcWjhVEInE9kaBS8ghhAreHiA1gOHw.jpg?r=e1d,남산의 부장들,themanstandingnext,18169
3632,Howl s Moving Castle,2005-06-17,Movie,0,0,0,0,0,0,1,1,1,1,0,0,0,0,0,0,0,0,0,0,0,0,0,0,0,howlsmovingcastle,https://occ-0-2851-38.1.nflxso.net/dnm/api/v6/evlCitJPPCVCry0BZlEFb5-QjKc/AAAABVNZ9newLwYhvXxwhyeYzgX6UphLi2Ub0-1vofHo6UfIMqD60LI6CWTEzc4Nf00BAG239fG8jA68hg_ACfIpCA2enw.jpg?r=6a0,하울의 움직이는 성,howlsmovingcastle,12256
3708,Start-Up,2019-12-18,Movie,1,1,1,0,0,0,0,0,0,0,0,0,0,0,0,0,0,0,0,0,0,0,0,0,0,startup,https://occ-0-1007-1360.1.nflxso.net/dnm/api/v6/evlCitJPPCVCry0BZlEFb5-QjKc/AAAABeqncs7Ih4xhnDo0zoBAakNRFUhl7lLiUTGpSmae6wVewrFSrl8SRhaB9piG6FbbVkuyAfrQ79Xa4Y-7o7gtU0BfWg.jpg?r=ded,시동,startup,10726
3855,Black Money,2019-11-13,Movie,1,0,0,1,0,1,0,0,0,0,0,0,0,0,0,0,0,0,0,0,0,0,0,0,0,blackmoney,https://occ-0-1007-1360.1.nflxso.net/dnm/api/v6/evlCitJPPCVCry0BZlEFb5-QjKc/AAAABaZ7KmRA2ln46RFvRitO5OZZRr1J4dkvA4tlLL5JM67lHzxrjkp85fjsczsj4C3FDSicrB-12OwUx3RxCN_HPvwuXw.jpg?r=e28,블랙머니,blackmoney,6604
3936,Intention,2018-04-12,Movie,0,0,0,0,0,0,0,0,0,0,0,0,0,1,0,0,0,0,0,0,0,0,0,0,0,intention,https://occ-0-1007-1360.1.nflxso.net/dnm/api/v6/evlCitJPPCVCry0BZlEFb5-QjKc/AAAABbgojPSj25Hjp-7RGG8yZYvZyfDlKilWwKAEWE92dzuEVKDcYSVjIO5AOeEVmgOPZeUKZwinyN8_XI-VDoKDXe5oqA.jpg?r=53a,"그날, 바다",intention,10461
3989,The Dude In Me,2019-01-09,Movie,0,1,1,0,0,0,0,0,1,0,0,0,0,0,0,0,0,0,0,0,0,0,0,0,0,thedudeinme,https://occ-0-1007-1360.1.nflxso.net/dnm/api/v6/evlCitJPPCVCry0BZlEFb5-QjKc/AAAABa7ObLVAWTlSpQKU35XAaNVdUDiUvORaBkoYd7uu1Yz8H52iHSw-ZmP45L8-on95IeELDoBgEbnvB-BbWUs_HAS_dA.jpg?r=d10,내안의 그놈,thedudeinme,11901
4054,Crazy Romance,2019-10-02,Movie,1,1,0,0,1,0,0,0,0,0,0,0,0,0,0,0,0,0,0,0,0,0,0,0,0,crazyromance,https://occ-0-1007-1360.1.nflxso.net/dnm/api/v6/evlCitJPPCVCry0BZlEFb5-QjKc/AAAABYA1U1LnS9cllSbVlljA5wAyzOW-K81NQyKM-OC57J1miMPtlEC9Ey_5i4NlBBu_2S6zHN3ZSsmQSmlOc-vM9G2L9Q.jpg?r=845,가장 보통의 연애,crazyromance,7895
4578,Tune in for Love,2019-11-05,Movie,1,0,0,0,1,0,0,0,0,0,0,0,0,0,0,0,0,0,0,0,0,0,0,0,0,tuneinforlove,https://occ-0-2851-38.1.nflxso.net/dnm/api/v6/evlCitJPPCVCry0BZlEFb5-QjKc/AAAABXtuZtfACOsYXXl94YnoEcG3Bw9lWPqHbpBWClpY90WKEI7dt2eQIxmKBh4bvEX6uCVwEWAW__WyQR0K-VqTN1BAxgnYU66_Qxqfu3LgcMNxZ071-Qrb0xjGkjk.jpg?r=3bc,유열의 음악앨범,tuneinforlove,9279
4820,The Fortress,2017-10-20,Movie,1,0,1,0,0,0,0,0,0,0,0,0,0,0,0,1,0,0,0,1,0,0,0,0,0,thefortress,https://occ-0-1007-1360.1.nflxso.net/dnm/api/v6/evlCitJPPCVCry0BZlEFb5-QjKc/AAAABediqmmKgy6Qb2BeOsdpjqTZav9avlWbIOY4JH1dsWrmMDImL4aTXfY0Sbk3UMBmTd_KWgGTm_tOAIOy4d1in_qsGg.jpg?r=7e8,남한산성,thefortress,17203
4935,Our President,2017-06-02,Movie,0,0,0,0,0,0,0,0,0,0,0,0,0,1,0,0,0,0,0,0,0,0,0,0,0,ourpresident,https://occ-0-1007-1360.1.nflxso.net/dnm/api/v6/evlCitJPPCVCry0BZlEFb5-QjKc/AAAABZQgAapw1By8pxZdofAByomJ8R3Nfy3ZYwxXm8Ga_J5BHh5iuf3dpYds6fHKYjBcjXkp9GtKsa7fuy8Z90vGd8q4PQ.jpg?r=a0f,노무현입니다,ourpresident,14812
4936,The Battleship Island,2017-07-26,Movie,1,0,1,0,0,0,0,0,0,0,0,0,0,0,0,1,0,0,0,0,0,0,0,0,0,thebattleshipisland,https://occ-0-1007-1360.1.nflxso.net/dnm/api/v6/evlCitJPPCVCry0BZlEFb5-QjKc/AAAABemvIy5CyUjBDC8Ta8xlAilvu9FMXd1A1jJEu6LPVKKLxYS1YBAj_CuwkQiBJqnGcUBUxYgdTKp0mu7pnXCGYQto0Q.jpg?r=1d8,군함도,thebattleshipisland,53570
4938,Real,2011-10-07,Movie,1,0,1,0,0,0,0,0,0,0,1,0,0,0,0,0,0,0,1,0,0,0,0,0,0,real,https://occ-0-1007-1360.1.nflxso.net/dnm/api/v6/evlCitJPPCVCry0BZlEFb5-QjKc/AAAABR0JPQ2Far9bVoZQYxIuHcAiO4g2XcoRVlU2L5heViHcYWw08ymJXt4MFnAkRx297llPOsXYAN4N3CPDy_CfHHrROw.jpg?r=682,리얼,real,12634
4939,The Merciless,2017-05-18,Movie,1,0,1,0,0,1,0,0,0,0,0,0,0,0,0,0,0,0,0,0,0,0,0,0,0,themerciless,https://occ-0-1007-1360.1.nflxso.net/dnm/api/v6/evlCitJPPCVCry0BZlEFb5-QjKc/AAAABWFsLBYBCcsP_dHelHNJg5UMpy9WoLlW8erZG2eeD7VJ7IxAgnsmU7jcjgxwL3YbWkgEQOy-le2m152279GihJ20kQ.jpg?r=ff0,불한당: 나쁜 놈들의 세상,themerciless,13098
4940,Seondal  The Man Who Sells the River,2016-07-06,Movie,0,1,0,0,0,0,1,0,0,0,0,0,0,0,0,1,0,0,0,0,0,0,0,0,0,seondalthemanwhosellstheriver,https://occ-0-1007-1360.1.nflxso.net/dnm/api/v6/evlCitJPPCVCry0BZlEFb5-QjKc/AAAABT0qL2kCqt20Bb_-5rYn0Yj8v-vkJNrSh11iXXQqawxH09pRv9npgRrpRwTBufM8vH26poG502RDClNx_s2J_h7A0Q.jpg?r=f1f,봉이 김선달,seondalthemanwhosellstheriver,8439
4941,The King s Case Note,2017-04-28,Movie,0,1,0,0,0,0,0,0,0,0,0,1,0,0,0,0,0,0,0,0,0,0,0,0,0,thekingscasenote,https://occ-0-1007-1360.1.nflxso.net/dnm/api/v6/evlCitJPPCVCry0BZlEFb5-QjKc/AAAABejXLihs3QDn6VLIrIA_FTjKx8BojsA39yYstujq8O8eUncKlhCwlcWElE13JEUk1YklNBg9j4lDMtJEsOh7rdtPRA.jpg?r=ee2,임금님의 사건수첩,thekingscasenote,8009
4944,A Taxi Driver,2017-08-11,Movie,1,0,1,0,0,0,0,0,0,0,0,0,0,0,0,1,0,0,0,0,0,0,0,0,0,ataxidriver,https://occ-0-1007-1360.1.nflxso.net/dnm/api/v6/evlCitJPPCVCry0BZlEFb5-QjKc/AAAAAR1xBquczt9wWseQ2N1LLUh0BhAoRv3li8V76b7lRIonKrHMx-Y-cGb9KUOskocEDvMKXwBOCy6_CxzHNeGYhLlg1g.jpg?r=e78,택시운전사,ataxidriver,49603
4946,Fabricated City,2017-02-24,Movie,0,0,1,1,0,1,0,0,0,0,0,0,0,0,0,0,0,0,0,0,0,0,0,0,0,fabricatedcity,https://occ-0-1007-1360.1.nflxso.net/dnm/api/v6/evlCitJPPCVCry0BZlEFb5-QjKc/AAAAAexaxdzfW3PH_rugLxuZ_XIBY6ovV1_h5fJn9P6Yta7FqxVMBualWPWeheQa0ZZ6SQmKs-7w8tv0kgjfEtTEI0fUBA.jpg?r=8a5,조작된 도시,fabricatedcity,17464
4947,Confidential Assignment,2017-02-03,Movie,0,0,1,0,0,0,0,0,0,0,0,0,0,0,0,0,0,0,0,0,0,0,0,0,0,confidentialassignment,https://occ-0-1007-1360.1.nflxso.net/dnm/api/v6/evlCitJPPCVCry0BZlEFb5-QjKc/AAAAAXyztSIGa92rxXkAtlYX7e7N09bgs54uljlgfHBYSmczHUrKanp6xSYSPeZEYPlCkAlHcLs0zDPeMlyWL5dezyfkeA.jpg?r=8d5,공조,confidentialassignment,25207
5223,The Princess and the Matchmaker,2018-02-23,Movie,0,1,0,0,1,0,0,0,0,0,0,0,0,0,0,1,0,0,0,0,0,0,0,0,0,theprincessandthematchmaker,https://occ-0-1007-1360.1.nflxso.net/dnm/api/v6/evlCitJPPCVCry0BZlEFb5-QjKc/AAAABTMW8CjwBZ_pd5ciCgIsewkFWx2FJoI7fv4IHVFVeNpgT_yWCW3irXb430pmJad3LYjBoX-tI434p7vJZDF9npPvXw.jpg?r=2b2,궁합,theprincessandthematchmaker,8874
5228,Memories of Matsuko,2006-05-27,Movie,1,1,0,0,0,0,0,0,0,0,0,1,0,0,0,0,0,0,0,0,1,0,0,0,0,memoriesofmatsuko,https://occ-0-1007-1360.1.nflxso.net/dnm/api/v6/evlCitJPPCVCry0BZlEFb5-QjKc/AAAABaTLEHJOGpUyMi9osuuZOxTGCr-flGwSC6krpEdxPI2fx5sTdB8ldmKJCDSpIxFrHm4YxrETSxGz6KGjWA05Vv46Qg.jpg?r=8c6,혐오스런 마츠코의 일생,memoriesofmatsuko,6381
5231,Be with You,2018-04-06,Movie,1,0,0,0,1,0,0,0,1,0,0,0,0,0,0,0,0,0,0,0,0,0,0,0,0,bewithyou,https://occ-0-1007-1360.1.nflxso.net/dnm/api/v6/evlCitJPPCVCry0BZlEFb5-QjKc/AAAAAfOaLnP2zDCon6KpIknG_QYLI1dbTCt3VePukW2xFMPZpDq8XChZv0GxAKe6KXWTP8S35hxlWD4vi38TaFXpjH8vOg.jpg?r=bab,지금 만나러 갑니다,bewithyou,13854
5234,On Your Wedding Day,2018-08-22,Movie,0,1,0,0,1,0,0,0,0,0,0,0,0,0,0,0,0,0,0,0,0,0,0,0,0,onyourweddingday,https://occ-0-1007-1360.1.nflxso.net/dnm/api/v6/evlCitJPPCVCry0BZlEFb5-QjKc/AAAABY5wfSxG0lEgtx_Dp94rwCgk5rcQD1xs_Ox6ZErytNR4d5JBdrrpIYdqlDV-MoLe4SwBnITsG01SQ_3GzVKf2Dy_YA.jpg?r=9dd,너의 결혼식,onyourweddingday,17031
5305,The Sheriff in Town,2017-05-03,Movie,0,1,0,0,0,1,0,0,0,0,0,0,0,0,0,0,0,0,0,0,0,0,0,0,0,thesheriffintown,https://occ-0-1007-1360.1.nflxso.net/dnm/api/v6/evlCitJPPCVCry0BZlEFb5-QjKc/AAAABddUH2Xtz3rv8zEEwd4H4t6hjjzPygQKdjPAXb-fKSdk13v8SbfAqhRi8McnISLN1y9dgcLKSDDhy9G5U7H2aVjPPw.jpg?r=c05,보안관,thesheriffintown,9423
5312,Midnight Runners,2017-08-25,Movie,0,1,1,0,0,0,0,0,0,0,0,0,0,0,0,0,0,0,0,0,0,0,0,0,0,midnightrunners,https://occ-0-1007-1360.1.nflxso.net/dnm/api/v6/evlCitJPPCVCry0BZlEFb5-QjKc/AAAAAXnXuPRuA9LbBl0_pTn8_hU9Czc1OrFR8QZA4pk1AyElLUL8tvAf2mRgXEqXB4P6V2X_XUIWnFveY3ip4OpDFOhd9g.jpg?r=137,청년경찰,midnightrunners,20059
5313,"Love, Lies",2016-04-13,Movie,1,0,0,0,1,0,0,0,0,0,0,0,0,0,0,0,0,0,0,0,0,0,0,0,0,lovelies,https://occ-0-1007-1360.1.nflxso.net/dnm/api/v6/evlCitJPPCVCry0BZlEFb5-QjKc/AAAABZUV8NXymQjvHhlvd4iQTpa6VUH-pjGGMiLmAhXcGuy9S-i8NZjPdM9j7XPKhYjuvOoqoxwp43Sclc1QPHtVyOi2ag.jpg?r=cd0,해어화,lovelies,6607
5350,The Front Line,2011-07-20,Movie,1,0,1,0,0,0,0,0,0,0,0,0,0,0,0,1,0,0,0,1,0,0,0,0,0,thefrontline,https://occ-0-1007-1360.1.nflxso.net/dnm/api/v6/evlCitJPPCVCry0BZlEFb5-QjKc/AAAABYiuIdNfsZx_8fxLA24hESYwPU9DKC76utGbNyJjYzWtKJzAdwO9P8TPTowN4tcQYr0dnr9D9cbqQ6ejXEuaEvbrMQ.jpg?r=9e8,고지전,thefrontline,11124
5352,The Face Reader,2013-10-04,Movie,1,0,0,0,0,0,0,0,0,0,0,0,0,0,0,1,0,0,0,0,0,0,0,0,0,thefacereader,https://occ-0-1007-1360.1.nflxso.net/dnm/api/v6/evlCitJPPCVCry0BZlEFb5-QjKc/AAAABZ6izyhocmktOOByQYGzfIcsOxqbTdabaRenkxOFFyesoDA96sWcwCnwOWwtxKUA3D6vr9agRbEQ5fxPpkpwSNZEMw.jpg?r=a69,관상,thefacereader,14705
5353,Dark Figure of Crime,2018-10-03,Movie,1,0,0,0,0,1,0,0,0,0,0,0,0,0,0,0,0,0,0,0,0,0,0,0,0,darkfigureofcrime,https://occ-0-1007-1360.1.nflxso.net/dnm/api/v6/evlCitJPPCVCry0BZlEFb5-QjKc/AAAABQDVOjPJn1Bd9TYLOo5rVejKLoGxmxIWknp8-jjxBOtjrtX-BdYdOOIEojc-Y32qfDzv6kzWIBjDmDZsjATOeXbkHA.jpg?r=a2d,암수살인,darkfigureofcrime,13266
5354,Man On The Edge,2013-01-09,Movie,0,1,0,0,0,1,0,0,0,0,0,0,0,0,0,0,0,0,0,0,0,0,0,0,0,manontheedge,https://occ-0-1007-1360.1.nflxso.net/dnm/api/v6/evlCitJPPCVCry0BZlEFb5-QjKc/AAAABSZZb7mSi6DJcfs0DNBjDL0IMsCDRPJ_WhafXs6BBXiByCvQjHjEXTZt62yUcE_eWeOZd_vQMOuIlw57KfdFOVamQQ.jpg?r=0d7,박수건달,manontheedge,11115
5355,Detective K  Secret of Virtuous Widow,2011-01-27,Movie,0,1,1,0,0,1,0,0,0,0,0,1,0,0,0,1,0,0,0,0,0,0,0,0,0,detectiveksecretofvirtuouswidow,https://occ-0-1007-1360.1.nflxso.net/dnm/api/v6/evlCitJPPCVCry0BZlEFb5-QjKc/AAAABY3wxIo2KfRbCrt0LYvrR6qJ5YkRViR3tP2p1TqiBfO-lOtO1LT3bTuNB_Y3JES8n_lv-gcKO3kQ7NFCNmNjVVuX4w.jpg?r=44d,조선명탐정: 각시투구꽃의 비밀,detectiveksecretofvirtuouswidow,9691
5358,Hit-and-Run Squad,2019-01-30,Movie,0,0,1,0,0,1,0,0,0,0,0,0,0,0,0,0,0,0,0,0,0,0,0,0,0,hitandrunsquad,https://occ-0-1007-1360.1.nflxso.net/dnm/api/v6/evlCitJPPCVCry0BZlEFb5-QjKc/AAAABV0gPRBWQBHjADdY8HlGCoP2VuegIRWknxGgQGt5DJ76aTmBe3Huvg01G1huYBWQhdof6-XZniFHDOz4BNpzdvgdDA.jpg?r=368,뺑반,hitandrunsquad,12900
5359,Detective K  Secret of the Living Dead,2018-02-08,Movie,0,1,1,0,0,1,0,0,0,0,0,1,0,0,0,0,0,0,0,0,0,0,0,0,0,detectiveksecretofthelivingdead,https://occ-0-1007-1360.1.nflxso.net/dnm/api/v6/evlCitJPPCVCry0BZlEFb5-QjKc/AAAAAX0FfbilerRHnkQmTBb8_FCk8I2HffPSSHqjYDSgt5bcQvvyPQOUNln59dzCi1_P8zWwot31I8ofJBHIVDjP2XAgxw.jpg?r=6db,조선명탐정: 흡혈괴마의 비밀,detectiveksecretofthelivingdead,8661
5394,Anarchist from Colony,2017-07-06,Movie,1,0,0,0,0,0,0,0,0,0,0,0,0,0,1,0,0,0,0,0,0,0,0,0,0,anarchistfromcolony,https://occ-0-1007-1360.1.nflxso.net/dnm/api/v6/evlCitJPPCVCry0BZlEFb5-QjKc/AAAAAX9zble7cRhVyMjRf3xBJ-sdBs0bkPa3Zk-8HEnZruyVcgeBPTgpfUSPJdYBrYgIsaT_52bTrAmfrx5SposBjDokCg.jpg?r=ab6,박열,anarchistfromcolony,9720
5483,Will You Be There,2016-12-11,Movie,1,0,0,0,1,0,0,0,1,0,0,0,0,0,0,0,0,0,0,0,0,0,0,0,0,willyoubethere,https://occ-0-1007-1360.1.nflxso.net/dnm/api/v6/evlCitJPPCVCry0BZlEFb5-QjKc/AAAABfy9AbMfO0Qd98jyyQXNuGkSFaeX_kUYkubW8vZgjxLKpysWI2HyJ98rjb6SU4BmC0Q9P0UvMcTsbJxqSh1b21RNBQ.jpg?r=8a3,"당신, 거기 있어줄래요",willyoubethere,8001
5501,Svaha  The Sixth Finger,2019-02-20,Movie,0,0,0,1,0,0,0,0,0,0,0,1,1,0,0,0,0,0,0,0,0,0,0,0,0,svahathesixthfinger,https://occ-0-2851-38.1.nflxso.net/dnm/api/v6/evlCitJPPCVCry0BZlEFb5-QjKc/AAAABSI9vSQyHKQWwbSI2kYvIeZk2Fvo_V1vxukl6LgscwXBC9-B4C828E2w19e33kzPDLxkI_J-BJxH2deCBp9P3TOoRH5URNdoTpqan_Eohvs5YRU9EiVcD2KzWHY.jpg?r=3bc,사바하,svahathesixthfinger,14805
5601,Romance of Their Own,2004-07-23,Movie,1,0,1,0,1,0,0,0,0,0,0,0,0,0,0,0,0,0,0,0,0,0,0,0,0,romanceoftheirown,https://occ-0-1007-1360.1.nflxso.net/dnm/api/v6/evlCitJPPCVCry0BZlEFb5-QjKc/AAAABe-LkClICzi-6wyOjvlJaoTTR4m3fIsAvOnzE2PIPy5N6A7hasfU25SZ9XpXZopltgHD0lE1k4CAOjWvoIlRFz9b5w.jpg?r=6a3,늑대의 유혹,romanceoftheirown,7178
5753,Rampant,2018-11-02,Movie,0,0,1,0,0,0,0,0,0,0,0,0,1,0,0,0,0,0,0,0,0,0,0,0,0,rampant,https://occ-0-2717-360.1.nflxso.net/dnm/api/v6/evlCitJPPCVCry0BZlEFb5-QjKc/AAAABdP2WWYQHs6bLseL4TBHgnWnFN49MapqYzFHr4ouRyXUArIAlza3Xjb4ax42WcLUucW-eaVffEleFa4Y58D6oAGmlA.jpg?r=3ee,군도:민란의 시대,rampant,25848
5866,The Great Battle,2018-09-21,Movie,1,0,1,0,0,0,0,0,0,0,0,0,0,0,0,1,0,0,0,1,0,0,0,0,0,thegreatbattle,https://occ-0-1007-1360.1.nflxso.net/dnm/api/v6/evlCitJPPCVCry0BZlEFb5-QjKc/AAAABe2MY3c_-ScTW5-XG-KYQ2sYCdEG4Z-s1ZptDhoZDSysOEAPpmtuSR0zFIMDM2I2nSqCJH2Kyotfqu1HBnMJbz2l_A.jpg?r=e40,안시성,thegreatbattle,33443
5904,The Negotiation,2018-09-19,Movie,0,0,1,1,0,1,0,0,0,0,0,0,0,0,0,0,0,0,0,0,0,0,0,0,0,thenegotiation,https://occ-0-2717-360.1.nflxso.net/dnm/api/v6/evlCitJPPCVCry0BZlEFb5-QjKc/AAAABTKyrG9Pb0n98U_-WuIbz0rUTNCwpBBqdvkqdpFY01_mGUIn0dOmh1PoGQixSlMcuGTy3_ebapfagLYiN3e6opE0EA.jpg?r=732,협상,thenegotiation,10349
6157,The Drug King,2018-12-19,Movie,1,0,1,0,0,1,0,0,0,0,0,0,0,0,0,0,0,0,0,0,0,0,0,0,0,thedrugking,https://occ-0-2851-38.1.nflxso.net/dnm/api/v6/evlCitJPPCVCry0BZlEFb5-QjKc/AAAABVAHJgux8jfSQ0yrYczdt1xDxXN8LHB13QNe_TO7AMD4w14tr9fdNGjHYsgjfJZ79L9rRpar0ZZRVF6WwObrcsMXVva0ptocNon81P4hb4SeZgHWY_jvC6zDrVE.jpg?r=07c,마약왕,thedrugking,16343
6316,The Spy Gone North,2018-08-17,Movie,1,0,0,1,0,0,0,0,0,0,0,0,0,0,0,0,0,0,0,0,0,0,0,0,0,thespygonenorth,https://occ-0-114-116.1.nflxso.net/dnm/api/v6/evlCitJPPCVCry0BZlEFb5-QjKc/AAAABbom5xI9UshuT6q8fmGLUBK4TmN-xwX-9t9vWbY5gmgysib6gtVzZrnAeXRyEjkqA0y88dvQpQzp3Ti_wAv1JNfSgA.jpg?r=473,공작,thespygonenorth,22902
6386,Along with the Gods  The Last 49 Days,2018-08-01,Movie,1,0,1,0,0,0,0,0,1,0,0,0,0,0,0,0,0,0,0,0,0,0,0,0,0,alongwiththegodsthelast49days,https://occ-0-2851-38.1.nflxso.net/dnm/api/v6/evlCitJPPCVCry0BZlEFb5-QjKc/AAAABQwVB-VUy2s81CdizGxk6-NgGzvh2txeFolpWgrs--n6negHRrAKcX2TWu2Ls_YdqPWJ4BtWEPuY1NPWobX6uXNDmQ.jpg?r=5c1,신과함께-인과 연,alongwiththegodsthelast49days,40299
6926,The Fate of the Furious,2017-04-14,Movie,0,0,1,1,0,1,1,0,0,0,0,0,0,0,0,0,0,0,0,0,0,0,0,0,0,thefateofthefurious,https://occ-0-114-116.1.nflxso.net/dnm/api/v6/evlCitJPPCVCry0BZlEFb5-QjKc/AAAABX3mP3acDs1Ij9v5Ws7ZMnvQcoFHWGIUhhhaXLljIcxFA6nN62siOhqJs4bywp3l7hj-DSYnloVOyqNVFZ9UHj9rRA.jpg?r=a58,분노의 질주: 더 익스트림,thefateofthefurious,11095
6949,Illang  The Wolf Brigade,2018-07-25,Movie,0,0,1,0,0,0,0,0,0,0,1,0,0,0,0,0,0,0,0,0,0,0,0,0,0,illangthewolfbrigade,https://occ-0-2851-38.1.nflxso.net/dnm/api/v6/evlCitJPPCVCry0BZlEFb5-QjKc/AAAABdIO2x-2y82pLMkOLoDIxnIDT3WtlQmWo9od5UWq2IS8i_iebWXfns6SB7_VAe3xfnN0KUUemuQOPlb-EKIbls7IrjvU7_1F48jic8JiGKsZ0ZDJZs8ty1CRT5I.jpg?r=eaf,인랑,illangthewolfbrigade,15384
7035,Tazza  The High Rollers,2006-09-28,Movie,0,1,0,0,0,1,0,0,0,0,0,0,0,0,0,0,0,0,0,0,0,0,0,0,0,tazzathehighrollers,https://occ-0-1007-1360.1.nflxso.net/dnm/api/v6/evlCitJPPCVCry0BZlEFb5-QjKc/AAAABcEjcaOa5cLV7_6-Z2J3LWeTk4iyPoQovt2Lf2OC8GnThDD2VzhF4ML6eWKXu8KsicSWkXOi0XLG7FDdDv-LNZVUqg.jpg?r=60c,타짜,tazzathehighrollers,10018
7062,The Classic,2003-01-30,Movie,1,0,0,0,1,0,0,0,0,0,0,0,0,0,0,0,0,0,0,0,0,0,0,0,0,theclassic,https://occ-0-1007-1360.1.nflxso.net/dnm/api/v6/evlCitJPPCVCry0BZlEFb5-QjKc/AAAABVcB0O-0eqRviDxd3YQaVyRMLTAgjeBz_kn97jOlML0wgo3ZgmbgJg7KwL5FcsFKHuLBLHTwhKiYmaqazXdIocTcCg.jpg?r=9e3,클래식,theclassic,10348
7073,All About My Wife,2012-05-17,Movie,1,1,0,0,1,0,0,0,0,0,0,0,0,0,0,0,0,0,0,0,0,0,0,0,0,allaboutmywife,https://occ-0-1168-299.1.nflxso.net/dnm/api/v6/evlCitJPPCVCry0BZlEFb5-QjKc/AAAABb_4ZP4Yslz0uQTTQ3I_5tLWRhIQeLndgfxpQGOynvLcdXD2yIM-FHm-QaxWYHBTVytvJh_5Jb_zwEmtNoE47LG_sA.jpg?r=9df,내 아내의 모든 것,allaboutmywife,8957
7085,A Dirty Carnival,2006-06-15,Movie,1,0,1,0,0,1,0,0,0,0,0,0,0,0,0,0,0,0,0,0,0,0,0,0,0,adirtycarnival,https://occ-0-1007-1360.1.nflxso.net/dnm/api/v6/evlCitJPPCVCry0BZlEFb5-QjKc/AAAABb0e461SNdGAJHm4UWwWoN3XBb6HL2YCtZ3GpPs8dWXxzQ187TPJfsJTMaRE-gNHTx6CMmTMS_fQs3v6iwrg--NA9A.jpg?r=3c8,비열한 거리,adirtycarnival,7278
7103,Hanbando,2006-07-13,Movie,1,0,0,1,0,0,0,0,0,0,0,1,0,0,0,0,0,0,0,0,0,0,0,0,0,hanbando,https://occ-0-1007-1360.1.nflxso.net/dnm/api/v6/evlCitJPPCVCry0BZlEFb5-QjKc/AAAAAUaVf3fTX_hDVZmxkhIHqRJNonE3bEvKnPDNl-WEifkgBwm5MAwjNwR8bkhR9sv8ZT-gr16ICC8eZgttbEKgCJqYPQ.jpg?r=792,한반도,hanbando,9082
7115,New Trial,2017-02-15,Movie,1,0,0,0,0,1,0,0,0,0,0,0,0,0,0,0,0,0,0,0,0,0,0,0,0,newtrial,https://occ-0-1007-1360.1.nflxso.net/dnm/api/v6/evlCitJPPCVCry0BZlEFb5-QjKc/AAAAAQSytoU6IJc7ORLF5-L6N0Cgwl23azGQQ4HMXx5gbJ-dZy50TaCFyxt4-0_O-V73JX6YvR906V9AHBDuEB6AHlP5vw.jpg?r=d9e,재심,newtrial,8352
7909,Sergeant Keroro  The Super Duper Movie 4,,Movie,0,0,0,0,0,0,0,0,0,0,0,0,0,0,0,0,0,0,0,0,0,0,0,0,0,sergeantkerorothesuperdupermovie4,https://occ-0-2042-299.1.nflxso.net/dnm/api/v6/evlCitJPPCVCry0BZlEFb5-QjKc/AAAABWy8uVnFwF_zA8Ko0CrHZoH1ZKj15IfDDOuPAfUoFTXlSk7RvDLoPJO65SMkA-3Nv_9VhiL1WuJkmQpEacVE6I9_Ig.jpg?r=1e9,토이 스토리 4,sergeantkerorothesuperdupermovie4,7189
7910,Sergeant Keroro  The Super Duper Movie 2,,Movie,0,0,0,0,0,0,0,0,0,0,0,0,0,0,0,0,0,0,0,0,0,0,0,0,0,sergeantkerorothesuperdupermovie2,https://occ-0-2042-299.1.nflxso.net/dnm/api/v6/evlCitJPPCVCry0BZlEFb5-QjKc/AAAABRYjyPBSzh7p8aGwRTkZIDMkR51qob9rl8qIi9KUG4syj0okA8c0QXql8QrI5rF_EjY3X6hv48zM_Jj761cKCjsg7w.jpg?r=a69,해리 포터와 죽음의 성물 - 2부,sergeantkerorothesuperdupermovie2,12102
7911,Sergeant Keroro  The Super Duper Movie 3,,Movie,0,0,0,0,0,0,0,0,0,0,0,0,0,0,0,0,0,0,0,0,0,0,0,0,0,sergeantkerorothesuperdupermovie3,https://occ-0-2042-299.1.nflxso.net/dnm/api/v6/evlCitJPPCVCry0BZlEFb5-QjKc/AAAABWz4dt2oZRteXOo-5tmZyPOFC5usXtpPugRtZW0U-2hSv7uick-Qy7bLrrbNC-kWLtRPoc39FWjMP8ItCYq2uUPJbg.jpg?r=3a9,토이 스토리 3,sergeantkerorothesuperdupermovie3,7671
7934,Dongju  The Portrait of a Poet,2016-02-17,Movie,1,0,0,0,0,0,0,0,0,0,0,0,0,0,1,0,0,0,0,0,0,0,0,0,0,dongjutheportraitofapoet,https://occ-0-1007-1360.1.nflxso.net/dnm/api/v6/evlCitJPPCVCry0BZlEFb5-QjKc/AAAAAYt-d_7Ho5b_AXUXP0O1J1meocGHrQPRyvvF_yMiN9RLhbdDkA_RSiwyy0blkrOeJ_BmwzaMWGcFDNPucOD7SEUhzA.jpg?r=897,동주,dongjutheportraitofapoet,11300
8114,아이 캔 스피크,,Movie,0,0,0,0,0,0,0,0,0,0,0,0,0,0,0,0,0,0,0,0,0,0,0,0,0,아이캔스피크,https://occ-0-1007-1360.1.nflxso.net/dnm/api/v6/evlCitJPPCVCry0BZlEFb5-QjKc/AAAABcQXSyRqwGKKlgRfDgI9GFrc2AfuUuV8qcOPYFoMrdP4LcVDLYwj6aQikW7IKFtiuOzZmz2rkKGW3yxOd9uT0NGCkg.jpg?r=da3,아이 캔 스피크,아이캔스피크,15079
8115,라디오 스타,,Movie,0,0,0,0,0,0,0,0,0,0,0,0,0,0,0,0,0,0,0,0,0,0,0,0,0,라디오스타,https://occ-0-1007-1360.1.nflxso.net/dnm/api/v6/evlCitJPPCVCry0BZlEFb5-QjKc/AAAABX0N6f-Qg4v7vcJUerDyD8WI5dT6VqiJfV77fXmryglzxVWEKRt9NMs1Hf5pQo2B237BDXfy2957na0JocER2iKFJw.jpg?r=e71,라디오 스타,라디오스타,10845
8256,The Devil Wears Prada,2006-06-30,Movie,1,1,0,0,0,0,0,0,0,0,0,0,0,0,0,0,0,0,0,0,0,0,0,0,0,thedevilwearsprada,https://occ-0-64-325.1.nflxso.net/dnm/api/v6/evlCitJPPCVCry0BZlEFb5-QjKc/AAAABcVtXNJyBiGl98m-ws5aJ8gqBzMzfpnucBv2iWK1dKibWK-S1-ywXkqo5RbjA5NGC_GaDXD3LidZyyeMKOTQHo7SCA.jpg?r=22a,악마는 프라다를 입는다,thedevilwearsprada,6766
8400,Along with the Gods  The Two Worlds,2017-12-20,Movie,1,0,1,0,0,0,0,0,1,0,0,0,0,0,0,0,0,0,0,0,0,0,0,0,0,alongwiththegodsthetwoworlds,https://occ-0-2851-38.1.nflxso.net/dnm/api/v6/evlCitJPPCVCry0BZlEFb5-QjKc/AAAABQxaXluhZsAoIdXrJMEep422yrBgpbErjAexiYx8Y13jCF4jVzYFTOHxf8spNDTa64414IEPjL5YX6Iy_QOTU7WSHQ.jpg?r=fb2,신과함께-죄와 벌,alongwiththegodsthetwoworlds,57853
8480,Deranged,2012-07-27,Movie,1,0,0,0,0,0,0,0,0,0,0,0,0,0,0,0,0,0,0,0,0,0,0,0,0,deranged,https://occ-0-1007-1360.1.nflxso.net/dnm/api/v6/evlCitJPPCVCry0BZlEFb5-QjKc/AAAABeZLV39-lpw8ESOnocowfnXP_4lqGGi2ox0RriQi4NLtsunLmU5_XVxj6rXQYb7Ji4GqrlzeUfhHPcWiNXSAuounuA.jpg?r=702,연가시,deranged,13006
8602,Psychokinesis,2018-04-25,Movie,0,1,1,0,0,0,0,0,1,0,0,0,0,0,0,0,0,0,0,0,0,0,0,0,0,psychokinesis,https://occ-0-2851-38.1.nflxso.net/dnm/api/v6/evlCitJPPCVCry0BZlEFb5-QjKc/AAAABc0CKk_1ObWKVPVFNfbzhRu1AbUnZJt0av_vRinzpS3F4dPC7cxock7YXhvzLk8yIBUTs9RRayPU5cw0tRnwKQaTPcQLddnPCrWW6RmHZpE7vkJRpOIgmoHm7uY.jpg?r=dd7,염력,psychokinesis,10479
8796,A Man in the Dark,2016-08-26,Movie,0,0,0,1,0,1,0,0,0,0,0,0,1,0,0,0,0,0,0,0,0,0,0,0,0,amaninthedark,https://occ-0-2717-360.1.nflxso.net/dnm/api/v6/evlCitJPPCVCry0BZlEFb5-QjKc/AAAABUu01ikV1P_miRhawF0UzVKoq-OqMgeraFdy2x56Opt4CiXwFBKBwHC0VVE123OddRX0gATjjVfI1v1z5-B1aC9Psg.jpg?r=fac,맨 인 더 다크,amaninthedark,6548
8818,Steel Rain,2018-03-14,Movie,1,0,1,1,0,0,0,0,0,0,0,0,0,0,0,0,0,0,0,0,0,0,0,0,0,steelrain,https://occ-0-2851-38.1.nflxso.net/dnm/api/v6/evlCitJPPCVCry0BZlEFb5-QjKc/AAAABe-UxPNfKZlgdtMG-_al3-mO3bS9jkocsF0vtoke-4vSzFxdnw9p6kF-dUPu31ITqt3elb2r-V5G1Ed8PWS8eB1LxbsZ0kCsfvQDB0giz072XbjYZKdBfIRRdkY.jpg?r=55f,강철비2: 정상회담,steelrain,18048
8907,Memoir of a Murderer,2017-09-08,Movie,0,0,1,1,0,1,0,0,0,0,0,0,0,0,0,0,0,0,0,0,0,0,0,0,0,memoirofamurderer,http://occ-0-1007-1360.1.nflxso.net/dnm/api/v6/evlCitJPPCVCry0BZlEFb5-QjKc/AAAABUs4EJO_nxmmizJC5NpftFPfyaGMcU4seD0hsfdCA_z3SwQY6o-2IWgv-AD-t8lI9F_5LCpOcSXSdI5aJIoZHNphlw.jpg?r=a20,살인자의 기억법,memoirofamurderer,11032
8926,The Villainess,2017-06-08,Movie,1,0,1,1,0,1,0,0,0,0,0,0,0,0,0,0,0,0,0,0,0,0,0,0,0,thevillainess,https://occ-0-2773-2774.1.nflxso.net/dnm/api/v6/evlCitJPPCVCry0BZlEFb5-QjKc/AAAABWiTBoBgNs8MFOuknuNXNw88O0JYTU8rEIh20AYSLx6DPFju19BzN1-HwT2GblhEqGiC1fIaIqL7vKWiFozCB3OzXw.jpg?r=c15,악녀,thevillainess,9409
9050,Time Renegades,2016-04-13,Movie,1,0,0,1,1,0,0,0,1,0,0,0,0,0,0,0,0,0,0,0,0,0,0,0,0,timerenegades,https://occ-0-1007-1360.1.nflxso.net/dnm/api/v6/evlCitJPPCVCry0BZlEFb5-QjKc/AAAABfRDDh_x9p7g6w8SKhR8fYra2UaWw0oYpTdPsBDIx6JwANNrJykTgl5s7vYRQkbpGf3vVCH92cHt7nzlOwz-MYYnog.jpg?r=5e9,시간이탈자,timerenegades,6764
9055,Wonderful Nightmare,2015-08-13,Movie,1,1,0,0,0,0,0,0,1,0,0,0,0,0,0,0,0,0,0,0,0,0,0,0,0,wonderfulnightmare,https://occ-0-1007-1360.1.nflxso.net/dnm/api/v6/evlCitJPPCVCry0BZlEFb5-QjKc/AAAABd39UcJSdDac8Vk35vI9czPvWlieibx8QMsLK577Gk85iSYojnkOjv3BloRoqXvy9cxhohJTGTjCm0R63b02R7CDow.jpg?r=104,미쓰 와이프,wonderfulnightmare,7136
9067,Die Hard 4.0,2007-06-27,Movie,0,0,1,1,0,0,0,0,0,0,0,0,0,0,0,0,0,0,0,0,0,0,0,0,0,diehard40,https://occ-0-1348-1347.1.nflxso.net/dnm/api/v6/XsrytRUxks8BtTRf9HNlZkW2tvY/AAAAAXp-u8SlNUIVr0x1xOro3JLgRhb34TZRi-D-O3_EvjjAASKy5k8EEwx5dsnrd7hI9cR8SKtLH6sLUPvYiZFZktUYKzk6slM.jpg?r=63e,다이 하드 4.0,diehard40,6378
9090,Cest Si Bon,2015-02-13,Movie,1,0,0,0,1,0,0,0,0,0,0,0,0,0,0,0,0,0,0,0,0,0,0,0,0,cestsibon,https://occ-0-1007-1360.1.nflxso.net/dnm/api/v6/evlCitJPPCVCry0BZlEFb5-QjKc/AAAABVSkdxC02VH5GLa6UdZnyTSPNkopaM99IrdAOUgGO0SLXKy0slsQrczwLlXwa6DvOx3ooM5XXoQPdDDD4ZoRI2nixw.jpg?r=867,쎄시봉,cestsibon,9074
9092,Chaw,2009-07-15,Movie,0,1,1,1,0,0,1,0,0,0,0,0,1,0,0,0,0,0,0,0,0,0,0,0,0,chaw,https://occ-0-1007-1360.1.nflxso.net/dnm/api/v6/XsrytRUxks8BtTRf9HNlZkW2tvY/AAAABRCiyZpFXL1u17H2BXE_EapJYnnW6nZieDhp9aKJpQYyXSP1qsQYgMmz8e6ECdXyDUBNwCbGMma-4ZILCVjKGbFUGuh-wtw.jpg?r=065,차우,chaw,6844
9127,Coin Locker Girl,2015-04-29,Movie,1,0,0,1,0,1,0,0,0,0,0,0,0,0,0,0,0,0,0,0,0,0,0,0,0,coinlockergirl,https://occ-0-1007-1360.1.nflxso.net/dnm/api/v6/evlCitJPPCVCry0BZlEFb5-QjKc/AAAAAZzTmi4NeT2BO-3EaSYSGNmT_UbKcVluU5n7dMPk_Y3y8i5xpaq7FFqabesxicg9sFW5ah1zRbJ1c3lMd4B01zj9yw.jpg?r=260,차이나타운,coinlockergirl,7320
9166,Kong  Skull Island,2017-03-10,Movie,0,0,1,0,0,0,1,0,1,0,1,0,0,0,0,0,0,0,0,0,0,0,0,0,0,kongskullisland,https://occ-0-768-769.1.nflxso.net/dnm/api/v6/evlCitJPPCVCry0BZlEFb5-QjKc/AAAABQT5Opc6Txw_mNez6rugXPVgWDDhnJIPEmaRs-ReSInuTQkuN1HS__NtLn0MrlNnyYl4ZtqxgF3FfFF1ziT5CUNfgw.jpg?r=cb9,콩: 스컬 아일랜드,kongskullisland,7506
9172,Gangnam Blues,2015-01-21,Movie,1,0,1,0,0,1,0,0,0,0,0,0,0,0,0,0,0,0,0,0,0,0,0,0,0,gangnamblues,https://occ-0-1007-1360.1.nflxso.net/dnm/api/v6/evlCitJPPCVCry0BZlEFb5-QjKc/AAAABXdYjyPdB0SFhPUyPoX66RKgDFWI1T8vvSsSfCiU07FyUKICtwd8PAHAfHBU5EeZ2ElswdqgpLsXTxOgapUTXzpK1w.jpg?r=7e4,강남 1970,gangnamblues,8911
9251,Your Name,2017-04-07,Movie,1,0,0,0,1,0,0,1,1,0,0,0,0,0,0,0,0,0,0,0,0,0,0,0,0,yourname,https://occ-0-2773-2774.1.nflxso.net/dnm/api/v6/evlCitJPPCVCry0BZlEFb5-QjKc/AAAABT42c5mc1HyftYcBeRBvNDDA0fgD6LtcXrTm8f-ZIc3zkSKtDBm53vsX9MiOxTgNpaWCiqd6g4TIiK-wIqto80mPDA.jpg?r=884,너의 이름은.,yourname,32990
9295,The Prison,2017-03-31,Movie,0,0,1,0,0,1,0,0,0,0,0,0,0,0,0,0,0,0,0,0,0,0,0,0,0,theprison,https://occ-0-1007-1360.1.nflxso.net/dnm/api/v6/evlCitJPPCVCry0BZlEFb5-QjKc/AAAABfhZNDRWTXxNVvgVpvSeFpBSgBevip50-9wJ98OUXq07RRFJZ4NtwKQ4rk0UWRz__MSyajO8WXHWguv_b_Q2U2xGHQ.jpg?r=053,프리즌,theprison,9911
9307,Bluebeard,2017-03-17,Movie,0,0,0,1,0,0,0,0,0,0,0,0,0,0,0,0,0,0,0,0,0,0,0,0,0,bluebeard,https://occ-0-1007-1360.1.nflxso.net/dnm/api/v6/evlCitJPPCVCry0BZlEFb5-QjKc/AAAAAU9QJKYyW5QPmBzXBy8WKZo50F9MDe8FH4CI_bN1WFAu2IUFgDUKhOix6-lvXzjkARKpTc7fn4WDDS4_O3aG3H8-3g.jpg?r=385,해빙,bluebeard,9118
9428,The Mayor,2017-04-28,Movie,1,0,0,0,0,0,0,0,0,0,0,0,0,0,0,0,0,0,0,0,0,0,0,0,0,themayor,https://occ-0-1007-1360.1.nflxso.net/dnm/api/v6/evlCitJPPCVCry0BZlEFb5-QjKc/AAAABeGvEX8SFqqbuQQJPb6L7vClBM5kAIAkh2bT8ovIlC1tIGoD9KcjQgUK5nqXU7XM7XAHU5T2QHviimH28X71kfkPwA.jpg?r=df0,특별시민,themayor,7500
9454,26 Years,2012-11-29,Movie,1,0,0,1,0,0,0,0,0,0,0,0,0,0,0,0,0,0,0,0,0,0,0,0,0,26years,https://occ-0-2851-38.1.nflxso.net/dnm/api/v6/evlCitJPPCVCry0BZlEFb5-QjKc/AAAABaR1JKu0pgd8gcA5uutt1m__HQ5ayD3ThpcTNOIQ_jF_YWPpTfhCDdF9YGv71KG_2biWzIuAQKqE7XTZXmWbAxVeMg.jpg?r=833,26년,26years,51593
9462,My Annoying Brother,2016-12-09,Movie,1,1,0,0,0,0,0,0,0,0,0,0,0,0,0,0,0,0,0,0,0,0,0,0,0,myannoyingbrother,https://occ-0-1007-1360.1.nflxso.net/dnm/api/v6/evlCitJPPCVCry0BZlEFb5-QjKc/AAAAAR58q8yNVO5pRO0htqE-qxsMrJ2Ngnfw2HovSmyCrY3znqi8GVcYwE3VzuGl80oUFt9LMkOREQvb036f57ELke6eQw.jpg?r=1ec,형,myannoyingbrother,10877
9463,Asura  The City of Madness,2016-10-14,Movie,1,0,1,1,0,1,0,0,0,0,0,0,0,0,0,0,0,0,0,0,0,0,0,0,0,asurathecityofmadness,https://occ-0-1007-1360.1.nflxso.net/dnm/api/v6/evlCitJPPCVCry0BZlEFb5-QjKc/AAAAAU4t7osddfOUP1iMf3nuXQt8sTiKbL2SbhZIeO0FUYuLV67LKrkYlhU3nZpNbnNOAyAIZ5zuXdmF_M5vyv6dOM8Gsw.jpg?r=a59,아수라,asurathecityofmadness,28440
9464,The Handmaiden,2016-06-01,Movie,1,0,0,1,1,0,0,0,0,0,0,0,0,0,0,0,0,0,0,0,0,0,0,0,0,thehandmaiden,https://occ-0-1007-1360.1.nflxso.net/dnm/api/v6/evlCitJPPCVCry0BZlEFb5-QjKc/AAAAAWEc2BWDGMLb-7w03t2hDLgGBAdwH1EEWiGpqaMot-vkiIqrjw2IVl0GOna_hfkwO_uG65025vrczecY89Dlzy1u9w.jpg?r=9c8,아가씨,thehandmaiden,23679
9466,Phantom Detective,2016-05-20,Movie,1,0,1,1,0,1,0,0,0,0,0,1,0,0,0,0,0,0,0,0,0,0,0,0,0,phantomdetective,https://occ-0-1007-1360.1.nflxso.net/dnm/api/v6/evlCitJPPCVCry0BZlEFb5-QjKc/AAAABZK9roEWocJwi_K-JqZVqymAkYTtjVu7UxQxZd_ZBXrfD2r4zOWP9YqpkVcZUqa3ubNM5BuUWVZcvl6RDD48DLANIw.jpg?r=476,탐정 홍길동: 사라진 마을,phantomdetective,9884
9468,Luck-Key,2016-10-21,Movie,0,1,1,0,0,1,0,0,0,0,0,0,0,0,0,0,0,0,0,0,0,0,0,0,0,luckkey,https://occ-0-1007-1360.1.nflxso.net/dnm/api/v6/evlCitJPPCVCry0BZlEFb5-QjKc/AAAAAapOps79fvOHCCV5y4nN1fiXUgznrW432YhMbLx0vvjZ7VegxwwM8hG9OKbRh1tDfOgydmrqFGn1ICsJdQM-QwxSjw.jpg?r=710,럭키,luckkey,23824
9494,Fantastic Beasts and Where To Find Them,2016-11-18,Movie,0,0,0,0,0,0,1,0,1,1,0,0,0,0,0,0,0,0,0,0,0,0,0,0,0,fantasticbeastsandwheretofindthem,https://occ-0-753-1360.1.nflxso.net/dnm/api/v6/evlCitJPPCVCry0BZlEFb5-QjKc/AAAABQl-qTqu1PRFlpuBUlTuuOHQlmba4VNyWKdcZ9lXGPpNLgDw-dmGINPVHTZWTAfP34myJQhRTgAQv0dzQe8Q-XZqZA.jpg?r=7ca,신비한 동물사전,fantasticbeastsandwheretofindthem,15472
9603,The Himalayas,2016-01-01,Movie,1,0,0,0,0,0,1,0,0,0,0,0,0,0,1,0,0,0,0,0,0,0,0,0,0,thehimalayas,https://occ-0-2042-299.1.nflxso.net/dnm/api/v6/evlCitJPPCVCry0BZlEFb5-QjKc/AAAABRwwS-LAOJd9JPcv0rlziWcQVzhqurtNgIxlJNU_xTJk7cPnbkHxOQJCTK975OBURRRzzPftIhFlkrU6YqE8PlINjw.jpg?r=78e,히말라야,thehimalayas,20609
9644,Sing,2016-12-21,Movie,0,1,0,0,0,0,0,1,0,1,0,0,0,0,0,0,0,0,0,0,1,0,0,0,0,sing,https://occ-0-784-778.1.nflxso.net/dnm/api/v6/evlCitJPPCVCry0BZlEFb5-QjKc/AAAABRn96NUyLDV6iew9wSLb6qcalceDmZ2XwppqPUaxZm9rMUw9i6qbhpZ2emycvL6vo3t2ZbEzz5U-MF1DpSJFrSWeVw.jpg?r=52e,씽,sing,7016
9794,Okja,2017-06-28,Movie,1,0,1,0,0,0,1,0,0,0,1,0,0,0,0,0,0,0,0,0,0,0,0,0,0,okja,https://occ-0-2851-38.1.nflxso.net/dnm/api/v6/evlCitJPPCVCry0BZlEFb5-QjKc/AAAABZOnDWFYL4_rWme_LsPd5aPr1N2WXffY6zrgDKocDer8HreBnhfyN5uOxqD7pfs2ceCdu8v_1lnxzvD2FvmUlp6TFYgubBWghwuuPyZeLmsFhCPkiUCJEeXHX7g.jpg?r=6bc,옥자,okja,18508
9816,The Age of Shadows,2016-09-23,Movie,1,0,1,1,0,0,0,0,0,0,0,0,0,0,0,0,0,0,0,0,0,0,0,0,0,theageofshadows,https://occ-0-1007-1360.1.nflxso.net/dnm/api/v6/evlCitJPPCVCry0BZlEFb5-QjKc/AAAABWpxEzcDxJE8ByWz3WGfAiA0emnHVU_ovv4ExnkwR1ldNVjfmtx8vAdj9HZQQFiUDWorZhfrtIuIOI9xx6pHgPwL_Q.jpg?r=ad2,밀정,theageofshadows,23983
9871,Miss Peregrines Home for Peculiar Children,2016-09-30,Movie,1,0,0,1,0,0,1,0,1,1,0,0,0,0,0,0,0,0,0,0,0,0,0,0,0,missperegrineshomeforpeculiarchildren,https://occ-0-2773-2774.1.nflxso.net/dnm/api/v6/evlCitJPPCVCry0BZlEFb5-QjKc/AAAABYmcfhvrg_NM6GbEvNvA9zHh9TwkEkjOAV1MGhTURhCqW0UNYNCU1JwkUERabF3bzj21rzji38ji0KWSEOamRvwfPg.jpg?r=889,미스 페레그린과 이상한 아이들의 집,missperegrineshomeforpeculiarchildren,11612
10173,conjuring 2,2016-06-10,Movie,0,0,0,1,0,0,0,0,0,0,0,1,1,0,0,0,0,0,0,0,0,0,0,0,0,conjuring2,https://occ-0-2773-2774.1.nflxso.net/dnm/api/v6/evlCitJPPCVCry0BZlEFb5-QjKc/AAAABXS_9KO7IbGe282ZGDYDPzS4g0-AbpFQgTGDup3Z73akayka_NhjyHDipgmtXDUhYsm0_KP6TgLKiCkVu7tb_qjC2g.jpg?r=f3e,컨저링 2,conjuring2,8083
10199,Train to Busan,2016-07-20,Movie,0,0,1,1,0,0,0,0,0,0,0,0,1,0,0,0,0,0,0,0,0,0,0,0,0,traintobusan,https://occ-0-2506-1432.1.nflxso.net/dnm/api/v6/evlCitJPPCVCry0BZlEFb5-QjKc/AAAABbSVlJHZwnzFoouIJADr30oiR6ewL6iK8USK4Dcr_DdR9x8W6y0fl6f4f3ZwrRXsHhFHUSqWTUkyadwBBRmJG3RPhw.jpg?r=2ed,부산행,traintobusan,59260
10212,Pandora,2017-03-17,Movie,1,0,1,1,0,0,0,0,0,0,0,0,0,0,0,0,0,0,0,0,0,0,0,0,0,pandora,https://occ-0-2851-38.1.nflxso.net/dnm/api/v6/evlCitJPPCVCry0BZlEFb5-QjKc/AAAABYF6QZD2U6-n73JoJCSi5VMw1AwGnAMOg1FU77tm-m9GH96ScwKSps_m9B-eoipdzJ13QOU4a_rGepYvRuVStzE_3cnQZkQsX4aqHPU15iMJHZBJiOu46uDI4QU.jpg?r=898,판도라,pandora,19838
10240,Now You See Me 2,2016-06-10,Movie,0,1,1,1,0,1,1,0,0,0,0,1,0,0,0,0,0,0,0,0,0,0,0,0,0,nowyouseeme2,https://occ-0-2773-2774.1.nflxso.net/dnm/api/v6/evlCitJPPCVCry0BZlEFb5-QjKc/AAAABXPtzt5JqAqEmFzRPazc8J15SbiwEOzdG03b4m3cmDKQGAIJyBNu_PqVohxqWjkrDqIePtdbIb-MkWq9ZNJcbDcnIg.jpg?r=26b,나우 유 씨 미 2,nowyouseeme2,12376
10272,Independence Day  Resurgence,2016-06-24,Movie,0,0,1,0,0,0,1,0,0,0,1,0,0,0,0,0,0,0,0,0,0,0,0,0,0,independencedayresurgence,https://occ-0-2773-2774.1.nflxso.net/dnm/api/v6/evlCitJPPCVCry0BZlEFb5-QjKc/AAAABfKKaYqICZ8lJJOg-vFJWAv638kSBhtLJOWUhWTuGRMcC8bWdRnDB0EAfvVXSeOCsBC8s-3Tc_k6gX8HHozKLqRtGw.jpg?r=f1c,인디펜던스 데이: 리써전스,independencedayresurgence,10801
10275,X-Men  Apocalypse,2016-05-27,Movie,0,0,1,0,0,0,1,0,0,0,1,0,0,0,0,0,0,0,0,0,0,0,0,0,0,xmenapocalypse,https://occ-0-2773-2774.1.nflxso.net/dnm/api/v6/evlCitJPPCVCry0BZlEFb5-QjKc/AAAABfnHDEWxogja2vtT1XikkFCVqVAs3lx2uX2ZtG0JxVvASyOQDB4pHYif8EVV6O3tauQXd19BHQc5KJTc2vkmA2WyRw.jpg?r=4d0,엑스맨: 아포칼립스,xmenapocalypse,13757
10370,Mr. Go,2013-07-17,Movie,1,1,0,0,0,0,0,0,0,0,0,0,0,0,0,0,0,0,1,0,0,0,0,0,0,mrgo,https://occ-0-1007-1360.1.nflxso.net/dnm/api/v6/evlCitJPPCVCry0BZlEFb5-QjKc/AAAAAeyCK1ysWHGxaIlmAg05zdaI3xrEhpiFJyo_thMqP_3wmRMr8Ky4nQy_Q7PPdIJArhlkplriEsoGVHSLrYxURzzy0A.jpg?r=457,미스터 고,mrgo,11088
10371,Hwayi  A Monster Boy,2013-10-09,Movie,0,0,1,1,0,1,0,0,0,0,0,0,0,0,0,0,0,0,0,0,0,0,0,0,0,hwayiamonsterboy,https://occ-0-1007-1360.1.nflxso.net/dnm/api/v6/evlCitJPPCVCry0BZlEFb5-QjKc/AAAAARCV0KLSJW-e4sLZ1HP7OOWDNHUPfiJ0S2qJc0QJbYHJPLUxav64nTCrfvHDqPpICcePpeOyjD6u3De0JqbROP5IHA.jpg?r=ead,화이 : 괴물을 삼킨 아이,hwayiamonsterboy,6407
10400,Cold Eyes,2013-07-03,Movie,0,0,1,1,0,1,0,0,0,0,0,0,0,0,0,0,0,0,0,0,0,0,0,0,0,coldeyes,https://occ-0-1007-1360.1.nflxso.net/dnm/api/v6/evlCitJPPCVCry0BZlEFb5-QjKc/AAAABa1kLkpaeMnkO6YVaMoIHVMQ7pEzfFlTVx5KcENL3sAKwte5ERrAsZ_x9ufxXD3QcAo2uXHmFF9QqN6vGSkcLJAyFA.jpg?r=904,감시자들,coldeyes,13281
10411,Batman v Superman  Dawn of Justice,2016-03-25,Movie,0,0,1,0,0,0,1,0,0,0,1,0,0,0,0,0,0,0,0,0,0,0,0,0,0,batmanvsupermandawnofjustice,https://occ-0-2773-2774.1.nflxso.net/dnm/api/v6/evlCitJPPCVCry0BZlEFb5-QjKc/AAAABTyYryK6JPuqiCUYuXIeeuYVTAXp60fQF3bih8L5Yl-o7WohmQ9dREoqeXFtY96p39TFXbVsd5QHx14LKcs_JdRMkA.jpg?r=727,배트맨 대 슈퍼맨: 저스티스의 시작,batmanvsupermandawnofjustice,13977
10526,How to Use Guys with Secret Tips,2013-02-14,Movie,0,1,0,0,1,0,0,0,0,0,0,0,0,0,0,0,0,0,0,0,0,0,0,0,0,howtouseguyswithsecrettips,https://occ-0-1007-1360.1.nflxso.net/dnm/api/v6/evlCitJPPCVCry0BZlEFb5-QjKc/AAAABdwy6fsXn4bEsC78ThYXAD42hCyTzr1cC6ovds7bh9ve4DmWOFd7gEb8GrKW_l6NyVmPUVVuesoot0iFwIsIaEbvDg.jpg?r=c14,남자사용설명서,howtouseguyswithsecrettips,9056
10630,Veteran,2015-08-05,Movie,0,1,1,1,0,1,0,0,0,0,0,0,0,0,0,0,0,0,0,0,0,0,0,0,0,veteran,https://occ-0-1007-1360.1.nflxso.net/dnm/api/v6/evlCitJPPCVCry0BZlEFb5-QjKc/AAAABWpI3Pr2AAzqEDH9BK6hAhHyOqFH_UzlKAG-iAZQfMvWj5Y0HEgRfwnjW9mourtFOCpQr-kc8A3-Is3islV3Sjaf-w.jpg?r=b7d,베테랑,veteran,40885
10709,Sector 7,2011-08-04,Movie,0,0,1,0,0,0,0,0,0,0,1,0,0,0,0,0,0,0,0,0,0,0,0,0,0,sector7,https://occ-0-1007-1360.1.nflxso.net/dnm/api/v6/evlCitJPPCVCry0BZlEFb5-QjKc/AAAABeEWR8CCeDO2KbzL2ifqSu2rfBtdorB7qRO6CjhIedPNNkIFwNBwGR5t1sEUzquK_B2u9KyCvMyavFnjUWAnyd0HLQ.jpg?r=d3d,7광구,sector7,20193
10793,Heavenly Forest,2007-03-16,Movie,1,0,0,0,1,0,0,0,0,0,0,0,0,0,0,0,0,0,0,0,0,0,0,0,0,heavenlyforest,https://occ-0-1007-1360.1.nflxso.net/dnm/api/v6/evlCitJPPCVCry0BZlEFb5-QjKc/AAAABZNXJx-IroTSOSnGRoirjVzJfthb0M4PDg6kYP9NGjRKsYdZRMlAmfp8UVsXkb6MLls73FJFyKyBXeFRudhNJf7EDw.jpg?r=e00,"다만, 널 사랑하고 있어",heavenlyforest,8017
10815,The Unjust,2010-10-28,Movie,1,0,1,0,0,1,0,0,0,0,0,0,0,0,0,0,0,0,0,0,0,0,0,0,0,theunjust,https://occ-0-1007-1360.1.nflxso.net/dnm/api/v6/evlCitJPPCVCry0BZlEFb5-QjKc/AAAABZVSHTjD5M_x8tAuduKIcE2gneBMfPF6zqSqFZpix966AXjvGZyAo0JKlaZ9M8kyE0VkWO_AoYOXhVfV_QQwH7Op_w.jpg?r=8ed,부당거래,theunjust,6643
10824,Black Swan,2010-12-17,Movie,1,0,0,1,0,0,0,0,0,0,0,0,0,0,0,0,0,0,0,0,0,0,0,0,0,blackswan,https://occ-0-1007-1360.1.nflxso.net/dnm/api/v6/evlCitJPPCVCry0BZlEFb5-QjKc/AAAABZWGNpV-A00_WdmUSeE1crZwNHgZD_JKP34_3kxLYmr0CC9XvIZ03jUGXI6C_Z5dpGc45U98lp9UE5wlpbj_bJD3Ig.jpg?r=904,블랙 스완,blackswan,6298
10832,Memories of Murder,2003-05-02,Movie,1,0,0,1,0,1,0,0,0,0,0,1,0,0,0,0,0,0,0,0,0,0,0,0,0,memoriesofmurder,https://occ-0-1007-1360.1.nflxso.net/dnm/api/v6/evlCitJPPCVCry0BZlEFb5-QjKc/AAAABXVvuNVY7YMfNhHa-bduOldR2YyZlP6-1bHIJGDOEE4-g2QpGTBJ0NZwY88PDP2L0NEhhsykv3dkCESlC5QznEfPYQ.jpg?r=e0a,살인의 추억,memoriesofmurder,6896
10851,Furious 7,2015-04-03,Movie,0,0,1,1,0,0,1,0,0,0,0,0,0,0,0,0,0,0,0,0,0,0,0,0,0,furious7,https://occ-0-2851-38.1.nflxso.net/dnm/api/v6/evlCitJPPCVCry0BZlEFb5-QjKc/AAAABbhe9BxALGRaCXWjEXr2D-1Vg8oHvNyP1pmXCJjQWwb2PNvY5xrscETISAFlju0D7fQ9myQE4xA1QhcXi46yvulZgg.jpg?r=6f4,분노의 질주: 더 세븐,furious7,9473
10872,오늘의 연애,2015-01-14,Movie,1,1,0,0,1,0,0,0,0,0,0,0,0,0,0,0,0,0,0,0,0,0,0,0,0,오늘의연애,https://occ-0-1007-1360.1.nflxso.net/dnm/api/v6/evlCitJPPCVCry0BZlEFb5-QjKc/AAAABW7nrR2gheBw4JQrNayTJ1cCgEHDXds2EMQEkMm2DNMw325WZ_9kWS-YiTVQMX8cP8LL4YVRg7C58fyD21iuIvfr-Q.jpg?r=7f3,오늘의 연애,오늘의연애,9245
10990,Punch,2011-10-20,Movie,1,0,0,0,0,0,0,0,0,0,0,0,0,0,0,0,0,0,1,0,0,0,0,0,0,punch,https://occ-0-1007-1360.1.nflxso.net/dnm/api/v6/evlCitJPPCVCry0BZlEFb5-QjKc/AAAABRT19k1XiUUTuDg3vwkqfd17CTpgz6sDTxFohxuj9iNyNogBtz2Yx-Fb3-AU9txGZ2dcYYhJBgVTbQBk1qdo0nN6tg.jpg?r=125,완득이,punch,9711
11019,The Revenant,2016-01-08,Movie,1,0,1,0,0,0,1,0,0,0,0,0,0,0,0,1,0,0,0,0,0,0,1,0,0,therevenant,https://occ-0-2851-38.1.nflxso.net/dnm/api/v6/evlCitJPPCVCry0BZlEFb5-QjKc/AAAABRHLS2jKzMJWry71BT-_wJhOealU1UIigfVolF6pB932meMcAGZzZAlRhDON9HAZl1z8zorzv_2AdrYWckNlPMuc5A.jpg?r=67d,레버넌트: 죽음에서 돌아온 자,therevenant,10088
11043,Tazza  The Hidden Card,2014-09-03,Movie,1,0,0,0,0,1,0,0,0,0,0,0,0,0,0,0,0,0,0,0,0,0,0,0,0,tazzathehiddencard,https://occ-0-1168-299.1.nflxso.net/dnm/api/v6/evlCitJPPCVCry0BZlEFb5-QjKc/AAAABTupsVbdGBK4kr_U660mezSkhENj_N7exyqW2EsthcLdeKaM1oQOGnr79N0xH_UKRknKlO30b75UaA5Jz1HYHLVJyQ.jpg?r=c33,타짜-신의 손,tazzathehiddencard,15986
11051,The Terror Live,2013-07-31,Movie,0,0,1,1,0,1,0,0,0,0,0,0,0,0,0,0,0,0,0,0,0,0,0,0,0,theterrorlive,https://occ-0-1007-1360.1.nflxso.net/dnm/api/v6/evlCitJPPCVCry0BZlEFb5-QjKc/AAAABV_Hvfv-n8CIiBoEYJac1pN0g_uibvpoJMKNtjrkExdtpSAH86vsGgFUscad25x_WhoXqt-HcObx2l-VZHMHwfFcfg.jpg?r=9a1,더 테러 라이브,theterrorlive,17302
11117,The Intern,2015-09-25,Movie,1,1,0,0,0,0,0,0,0,0,0,0,0,0,0,0,0,0,0,0,0,0,0,0,0,theintern,https://occ-0-768-769.1.nflxso.net/dnm/api/v6/evlCitJPPCVCry0BZlEFb5-QjKc/AAAABcMYOlubvw2ZnOQJdF14cLCmG3_T6wjzG9kCdK9sefD6bBGJs3uXlERCjJhGSev480RzlmLvsL3xA4GGv9aZdbb8rw.jpg?r=716,인턴,theintern,14433
11129,Friend  The Great Legacy,2013-12-13,Movie,1,0,1,0,0,0,0,0,0,0,0,0,0,0,0,0,0,0,0,0,0,0,0,0,0,friendthegreatlegacy,https://occ-0-1007-1360.1.nflxso.net/dnm/api/v6/evlCitJPPCVCry0BZlEFb5-QjKc/AAAAAYsj_05YxTRFZNVLWWYi_6eC-dH0arPS7yfzgkYHKF9moiaeDQwG5l56zy9ApsXlG5FVtZhQqRIl1xLmni2zsHhAqQ.jpg?r=c60,친구2,friendthegreatlegacy,7582
11282,The Martian,2015-10-02,Movie,1,0,0,0,0,0,1,0,0,0,1,0,0,0,0,0,0,0,0,0,0,0,0,0,0,themartian,https://occ-0-2773-2774.1.nflxso.net/dnm/api/v6/evlCitJPPCVCry0BZlEFb5-QjKc/AAAABcBS_i3sFBLAlqQD9tbbbOybiC6rIeErOMeHg74Tb_AoKzkRXEHQxB9kWZWaVInIa-efHhnKKbWYU_8zneF6W6sCgg.jpg?r=354,마션,themartian,15702
11338,Mission  Impossible 5,2015-07-31,Movie,0,0,1,1,0,0,1,0,0,0,0,0,0,0,0,0,0,0,0,0,0,0,0,0,0,missionimpossible5,https://occ-0-2717-360.1.nflxso.net/dnm/api/v6/evlCitJPPCVCry0BZlEFb5-QjKc/AAAABfxgOgqM2FDJdC6mqZ_yFwLfoS9LfQ0kQrXpql-5nurDKheaOivVUdaSa4I8WzFVYSdh5_0XC3ac-PacoJ-GhFxRfg.jpg?r=e72,미션 임파서블: 로그네이션,missionimpossible5,14562
11463,Terminator Genisys,2015-07-01,Movie,0,0,1,1,0,0,1,0,0,0,1,0,0,0,0,0,0,0,0,0,0,0,0,0,0,terminatorgenisys,https://occ-0-1091-300.1.nflxso.net/dnm/api/v6/evlCitJPPCVCry0BZlEFb5-QjKc/AAAABezSEqYoEFcsETDTW7Gs8klGFTK_y8_LN9N1O8MM7fQS-OLkZIKw-rdE7B7q2AmYSBCSu2rSWjDt6JcnnAPrLMi44A.jpg?r=684,터미네이터 제니시스,terminatorgenisys,9484
11502,Spy,2015-06-05,Movie,0,1,1,0,0,0,0,0,0,0,0,0,0,0,0,0,0,0,0,0,0,0,0,0,0,spy,https://occ-0-2773-2774.1.nflxso.net/dnm/api/v6/evlCitJPPCVCry0BZlEFb5-QjKc/AAAABZxCI6hvyOlzsdGzbrn6kmUzo2dRr9Pc2t5nUg7DDCDtxyEambDr4nt6tkszQ3uFXiH_b2xW8vCt_uFWEnUWlwzYUA.jpg?r=d92,스파이,spy,9103
11515,Spirited Away,2003-03-28,Movie,0,0,0,0,0,0,1,1,1,1,0,1,0,0,0,0,0,0,0,0,0,0,0,0,0,spiritedaway,https://occ-0-2851-38.1.nflxso.net/dnm/api/v6/evlCitJPPCVCry0BZlEFb5-QjKc/AAAABaLhxIwy7v4DWacPPt7T2awtflyxqMRpv2zfjIV1dEkym12Z7m7mpyC_2KdlOwP7FQ5mBqQeL6AITEno6X9NAoUpTA.jpg?r=3cf,센과 치히로의 행방불명,spiritedaway,13583
11588,The Amazing Spider-Man 2,2014-05-02,Movie,0,0,1,0,0,0,1,0,0,0,1,0,0,0,0,0,0,0,0,0,0,0,0,0,0,theamazingspiderman2,https://occ-0-2851-38.1.nflxso.net/dnm/api/v6/evlCitJPPCVCry0BZlEFb5-QjKc/AAAABaIb_RAswPiq_fepelG7G_E5ETPumm9N67c3Ej2gaFeQRCKvNPY4NOK69u1P0nED7T1QgpZAnFNn_qQkz6buUPVVCA.jpg?r=9dd,어메이징 스파이더맨 2,theamazingspiderman2,13020
11598,Cyrano Agency,2010-09-16,Movie,0,1,0,0,1,0,0,0,0,0,0,0,0,0,0,0,0,0,0,0,0,0,0,0,0,cyranoagency,http://art-1.nflximg.net/4d897/b42f74c6381cda5b280cfd291399c8ac3874d897.jpg,시라노; 연애조작단,cyranoagency,9674
11610,The Con Artists,2015-01-09,Movie,1,0,1,1,0,1,0,0,0,0,0,0,0,0,0,0,0,0,0,0,0,0,0,0,0,theconartists,https://occ-0-64-58.1.nflxso.net/dnm/api/v6/XsrytRUxks8BtTRf9HNlZkW2tvY/AAAABb67maIHhlnwJm0CwqHw8iJ2Sh159ucaJCsBUagyPoXEDBLlMhVO_vNTav6BxgN_AzfcNL-LJ-eBrGI2Gmw8CEp_zw.jpg?r=093,기술자들,theconartists,8862
11611,Hot Young Bloods,2014-01-22,Movie,1,1,0,0,1,0,0,0,0,0,0,0,0,0,0,0,0,0,0,0,0,0,0,0,0,hotyoungbloods,https://occ-0-1007-1360.1.nflxso.net/dnm/api/v6/XsrytRUxks8BtTRf9HNlZkW2tvY/AAAABbuxmWyu2kB93ZEqY_J7fSGTg_3Mm5eLoKUihS65cyiFaesQ4XVFgWfsD5po7HlUYtadrZoXwchG7Ao8BJTuMmkuD8wuIUo.jpg?r=a4e,피끓는 청춘,hotyoungbloods,7312
11612,Architecture 101,2012-03-22,Movie,1,0,0,0,1,0,0,0,0,0,0,0,0,0,0,0,0,0,0,0,0,0,0,0,0,architecture101,https://occ-0-1007-1360.1.nflxso.net/dnm/api/v6/evlCitJPPCVCry0BZlEFb5-QjKc/AAAAAfVAsQPUgGQQsHRz3aZizFLCE4mZkrtV14eT2WDatPDcKSXIyjsDE3DphX32fZJenzZgYaQm7hjoEXB1-0x7lMr04A.jpg?r=810,건축학개론,architecture101,15294
11614,The Chronicles of Evil,2015-05-14,Movie,0,0,0,1,0,1,0,0,0,0,0,0,0,0,0,0,0,0,0,0,0,0,0,0,0,thechroniclesofevil,https://occ-0-1007-1360.1.nflxso.net/dnm/api/v6/evlCitJPPCVCry0BZlEFb5-QjKc/AAAABTLICoCuwLYEpa-EL2ZvOjEWgMprZFc4KAjEzqC3LXinFZEHqD5Y81e9YPOt7S12e__FMVuEqccIMHLmOqVp4CGeuQ.jpg?r=316,악의 연대기,thechroniclesofevil,7429
11618,The Treacherous,2015-05-21,Movie,1,0,0,1,0,1,0,0,0,0,0,0,0,0,0,1,0,0,0,0,0,0,0,0,0,thetreacherous,https://occ-0-1007-1360.1.nflxso.net/dnm/api/v6/evlCitJPPCVCry0BZlEFb5-QjKc/AAAABWbtGNZbXEe--bXnlbkngNITqD3NYnV6v2NlkvVrfddjroSwLFSjqb5FIaJLI5Hi3AP8yy6SNXZYA9lgegIqJxct3A.jpg?r=46e,간신,thetreacherous,6394
11624,The Fatal Encounter,2014-04-30,Movie,1,0,1,0,0,0,0,0,0,0,0,0,0,0,0,0,0,0,0,0,0,0,0,0,0,thefatalencounter,http://art-0.nflximg.net/4ae0c/fa046713290e743120218bcbcd2a3193fa64ae0c.jpg,역린,thefatalencounter,17061
11655,The Suspect,2014-01-10,Movie,0,0,1,1,0,0,0,0,0,0,0,0,0,0,0,0,0,0,0,0,0,0,0,0,0,thesuspect,https://occ-0-1007-1360.1.nflxso.net/dnm/api/v6/evlCitJPPCVCry0BZlEFb5-QjKc/AAAABQAqzEC43dzIaVTiS0bAc_zppHZXWs-4PbSGpwnrvgSqJtvNbymcWMVxVSTBwU8oeiAzqUkTcUit2K8xvVXnyl5-AA.jpg?r=04a,용의자,thesuspect,10709
11669,The Day the Earth Stood Still,2008-12-12,Movie,1,0,0,1,0,0,0,0,0,0,1,0,0,0,0,0,0,0,0,0,0,0,0,0,0,thedaytheearthstoodstill,https://occ-0-1007-1360.1.nflxso.net/dnm/api/v6/XsrytRUxks8BtTRf9HNlZkW2tvY/AAAAAQQY0kIvNkOluM3cloLI3eQ02shn_XRS1bWFt3ugoxfaq_3LBc0WMzNcP467tjwn2117HtDV7P0-dA0yrGmyh9ZrsrVOjF0.jpg?r=d06,지구가 멈추는 날,thedaytheearthstoodstill,6831
11778,A Hard Day,2014-05-29,Movie,0,0,1,1,0,1,0,0,0,0,0,0,0,0,0,0,0,0,0,0,0,0,0,0,0,ahardday,https://occ-0-2717-360.1.nflxso.net/dnm/api/v6/evlCitJPPCVCry0BZlEFb5-QjKc/AAAABQId2xw-tPIusjKT7Byr-qxBj0K21TPLzTxvk8Oiqu9GI_DScZxw55L0rPFcxI5iDUS09OGQFBaHKdZW9Pf7SrkE_A.jpg?r=1dc,끝까지 간다,ahardday,14767
11817,Life of Pi,2012-11-21,Movie,1,0,0,0,0,0,1,0,1,0,0,0,0,0,0,0,0,0,0,0,0,0,0,0,0,lifeofpi,https://occ-0-1926-41.1.nflxso.net/dnm/api/v6/evlCitJPPCVCry0BZlEFb5-QjKc/AAAABafo9H7LOTQ_O9KU6M0ecBBN3hY6cClU4pB2Fr7brzgGw6HegwvSCzFXOtzMAJPBa6T_oq-_OxRlwDgMiI-YDezENg.jpg?r=ee3,라이프 오브 파이,lifeofpi,8017
11819,Kingsman  The Secret Service,2015-02-13,Movie,0,1,1,1,0,0,1,0,0,0,0,0,0,0,0,0,0,0,0,0,0,0,0,0,0,kingsmanthesecretservice,https://occ-0-2773-2774.1.nflxso.net/dnm/api/v6/evlCitJPPCVCry0BZlEFb5-QjKc/AAAABScT664zQfAq6i0jCXiUPW6AcQTgkwuM_pF4PwKZqCXVB26I57126ZcrrwnA3zRd--88Wj90LRug9Gwc36-xRAxhtg.jpg?r=676,킹스맨 : 시크릿 에이전트,kingsmanthesecretservice,21961
12034,Interstellar,2014-11-07,Movie,1,0,0,0,0,0,1,0,0,0,1,0,0,0,0,0,0,0,0,0,0,0,0,0,0,interstellar,https://occ-0-2851-38.1.nflxso.net/dnm/api/v6/evlCitJPPCVCry0BZlEFb5-QjKc/AAAABVBQQ3hDCEuZjQ7zv61I7jWgLlcje1Unl2zlUgzvodZAWwdDo1UZLHI8aFqrOyqKFZT5or-xMhApBx3uTEqn-jdHNw.jpg?r=341,인터스텔라,interstellar,51161
12156,Mamma Mia!,2008-07-18,Movie,0,1,0,0,1,0,0,0,0,0,0,0,0,0,0,0,0,0,0,0,1,0,0,0,0,mammamia,https://occ-0-2851-38.1.nflxso.net/dnm/api/v6/evlCitJPPCVCry0BZlEFb5-QjKc/AAAABZhA7sD0uAgV8Q5IcNQeKx8FUSIjbGVaBzk8MZVRFcHsVHKdAvYcDnP1fwL6F8DHdeSMyDmWTdfZjk2U7biGfBhNqg.jpg?r=d07,맘마미아!2,mammamia,7866
12222,The Man from Nowhere,2010-08-05,Movie,1,0,1,1,0,1,0,0,0,0,0,0,0,0,0,0,0,0,0,0,0,0,0,0,0,themanfromnowhere,https://occ-0-1007-1360.1.nflxso.net/dnm/api/v6/evlCitJPPCVCry0BZlEFb5-QjKc/AAAABVvAHaR0AStDZHgj1ScJskFuUXS-2l9ZbH22pNEa0NW-n3-nXEbqg2iKVIH96IFrRMCTUyt95uZABC7ZVBsicywsHA.jpg?r=c82,아저씨,themanfromnowhere,29093
12289,The Maze Runner,2014-09-19,Movie,0,0,1,1,0,0,0,0,0,0,1,1,0,0,0,0,0,0,0,0,0,0,0,0,0,themazerunner,https://occ-0-2773-2774.1.nflxso.net/dnm/api/v6/evlCitJPPCVCry0BZlEFb5-QjKc/AAAABcfG4-zG6PCs6umwe8AUyHt0e2MgGrEehEqRcMupVR7Ies110NFThJKCBBe1YBdWAntBg3m0lRGPECfX0L6Ywv_SIA.jpg?r=006,메이즈 러너: 데스 큐어,themazerunner,10120
12381,The Imitation Game,2014-12-25,Movie,1,0,0,1,0,0,0,0,0,0,0,0,0,0,1,0,0,0,0,1,0,0,0,0,0,theimitationgame,https://occ-0-2773-2774.1.nflxso.net/dnm/api/v6/evlCitJPPCVCry0BZlEFb5-QjKc/AAAABaGlgKMAFK_dElr4Nmr5rqCjMmD5KRdQqa5gPR7xFlBXxoJ0wKvMLIkhtHTAi1yA704mlzCdpv6qQbzLcjlPVt_4kA.jpg?r=74b,이미테이션 게임,theimitationgame,6962
12403,Dawn of the Planet of the Apes,2014-07-11,Movie,1,0,1,0,0,0,1,0,0,0,1,0,0,0,0,0,0,0,0,0,0,0,0,0,0,dawnoftheplanetoftheapes,https://occ-0-2773-2774.1.nflxso.net/dnm/api/v6/evlCitJPPCVCry0BZlEFb5-QjKc/AAAABRmxrObeaLmEKRkCmkDsYZcb1RSoQO2AoKLSaVemEa2IslNEpyNB6fiZz8tmRDfYuobFJKxl1ivbc5QhBDeaLQ2CPg.jpg?r=1b5,혹성탈출: 반격의 서막,dawnoftheplanetoftheapes,12354
12410,About Time,2013-11-08,Movie,1,1,0,0,1,0,0,0,1,0,1,0,0,0,0,0,0,0,0,0,0,0,0,0,0,abouttime,https://occ-0-2219-2218.1.nflxso.net/dnm/api/v6/evlCitJPPCVCry0BZlEFb5-QjKc/AAAABU4i4d5BZA0To9lwCPrAvZh_1i9hKFWy1_-cdyV8nissWeTbqhgkeBBpn4zCUPNU_3nHJ5DD6nTtswxShOhoRGzpVw.jpg?r=956,어바웃 타임,abouttime,15009
12423,Edge of Tomorrow,2014-06-06,Movie,0,0,1,0,0,0,1,0,0,0,1,0,0,0,0,0,0,0,0,0,0,0,0,0,0,edgeoftomorrow,https://occ-0-2851-38.1.nflxso.net/dnm/api/v6/evlCitJPPCVCry0BZlEFb5-QjKc/AAAABTBDw3gZal9GWyM8NMHWguGtzNcdwmmkmeZSyv0cb1Hmil3iufD_DVdSuAvkQG3OfmTs3aViXhXVmcizoPz3W6UVug.jpg?r=d09,엣지 오브 투모로우,edgeoftomorrow,16742
12457,August Rush,2007-11-21,Movie,1,0,0,0,0,0,0,0,0,0,0,0,0,0,0,0,1,0,0,0,0,0,0,0,0,augustrush,https://occ-0-753-1007.1.nflxso.net/dnm/api/v6/XsrytRUxks8BtTRf9HNlZkW2tvY/AAAABZfyp34AUktgheeH05sHtUTpfRdWJ0hyWvmFDitQh3YPTPu0MnegQT45a1Xyoyq3IuHLswRZlJ6BfgiGJ1GJflktW6uGMjs.jpg?r=21c,어거스트 러쉬,augustrush,15515
13320,Pacific Rim,2013-07-12,Movie,0,0,1,0,0,0,1,0,0,0,1,0,0,0,0,0,0,0,0,0,0,0,0,0,0,pacificrim,https://occ-0-2851-38.1.nflxso.net/dnm/api/v6/evlCitJPPCVCry0BZlEFb5-QjKc/AAAABc5Mj_OeQ2ryyhfufqAe5rFbjM1xpGanu4CZ6AqaneoPeSr-LS9TBaj1ogE9RFO1GD_zjrQRwJtjjyrUuJIHhz0a8g.jpg?r=318,퍼시픽 림: 업라이징,pacificrim,7567
13322,Man of Steel,2013-06-14,Movie,0,0,1,0,0,0,1,0,0,0,1,0,0,0,0,0,0,0,0,0,0,0,0,0,0,manofsteel,https://occ-0-2717-360.1.nflxso.net/dnm/api/v6/evlCitJPPCVCry0BZlEFb5-QjKc/AAAABcSB-C4QIrHxaTp8sfdIi6c9D6-lIQZ0v3bfI2CGFejg1JGymjEXBMG2JKA23S6XMxzHy2alCMlMCRfYSXCbLiu2aQ.jpg?r=d5a,맨 오브 스틸,manofsteel,12580
13360,The Dark Knight Rises,2012-07-20,Movie,0,0,1,0,0,0,1,0,0,0,0,0,0,0,0,0,0,0,0,0,0,0,0,0,0,thedarkknightrises,https://occ-0-2851-38.1.nflxso.net/dnm/api/v6/evlCitJPPCVCry0BZlEFb5-QjKc/AAAABWjtaF9sJnhHvBmXFSMp2ds1PUCNk4tNzXr04ypeW5UK5DeWTIGDVWNPJaiTL5oH7-Ct_jY39_WuYq57miAeCftRew.jpg?r=bd7,다크 나이트 라이즈,thedarkknightrises,25392
13433,The Secret Life of Walter Mitty,2013-12-25,Movie,1,1,0,0,1,0,1,0,1,0,0,0,0,0,0,0,0,0,0,0,0,0,0,0,0,thesecretlifeofwaltermitty,https://occ-0-1007-1360.1.nflxso.net/dnm/api/v6/evlCitJPPCVCry0BZlEFb5-QjKc/AAAABcoRZn260SSGU3OkFi6Sk0SkYHbpA2MzZVE71xGFxgLg7UUC_3d5Qf5YTjqmLRDmjdMpcB3GMNuhA02nHeUmKTcpEQ.jpg?r=a91,월터의 상상은 현실이 된다,thesecretlifeofwaltermitty,7056
13510,The Grand Budapest Hotel,2014-03-28,Movie,0,1,0,0,0,1,1,0,0,0,0,0,0,0,0,0,0,0,0,0,0,0,0,0,0,thegrandbudapesthotel,https://occ-0-1007-1360.1.nflxso.net/dnm/api/v6/evlCitJPPCVCry0BZlEFb5-QjKc/AAAABaiTYFj8_mdeq5tA44I5B6XnnN0RhvqKxsSi3d6O0nMGQV0OP3iD-w8qcfsirIZJ6mLLDSIePv6AKj1FeDuzKwV4LA.jpg?r=5a5,그랜드 부다페스트 호텔,thegrandbudapesthotel,6575
13520,Rise of the Planet of the Apes,2011-08-05,Movie,1,0,1,1,0,0,0,0,0,0,1,0,0,0,0,0,0,0,0,0,0,0,0,0,0,riseoftheplanetoftheapes,https://occ-0-2773-2774.1.nflxso.net/dnm/api/v6/evlCitJPPCVCry0BZlEFb5-QjKc/AAAABd1apf2NDkK6ewm5tw6f5xgfMY99OaBpPhxKZwQsLcq45QnkJO0l1Hw9TlxSY6zDrATcfvdw070YaKvv3Wfwjo4qfg.jpg?r=fdd,혹성탈출: 진화의 시작,riseoftheplanetoftheapes,7053
13528,The Amazing Spider-Man,2012-07-03,Movie,0,0,1,0,0,0,1,0,0,0,1,0,0,0,0,0,0,0,0,0,0,0,0,0,0,theamazingspiderman,https://occ-0-2851-38.1.nflxso.net/dnm/api/v6/evlCitJPPCVCry0BZlEFb5-QjKc/AAAABRhbho0wDivwosT4-zNzHtRw1bXdm_WwQ0fNQOFhkhlN7MbsaqiambOkuJydnQ2C86WJuUuhrhPjGn1bvdxkZ2CqSQ.jpg?r=c60,어메이징 스파이더맨,theamazingspiderman,9149
13532,Transformers  Age of Extinction,2014-06-27,Movie,0,0,1,0,0,0,1,0,0,0,1,0,0,0,0,0,0,0,0,0,0,0,0,0,0,transformersageofextinction,https://occ-0-2851-38.1.nflxso.net/dnm/api/v6/evlCitJPPCVCry0BZlEFb5-QjKc/AAAABb_LksrAlLDTE74YRuPsRjFXtzh8R5NXJifIgVqe006TjNzBe9JrYoHBvvwbDkmezX-ZyMJJQdaAwhmOclaofyDwxg.jpg?r=a69,트랜스포머: 사라진 시대,transformersageofextinction,17042
13536,Spider-Man 3,2007-05-04,Movie,0,0,1,0,0,0,1,0,0,0,1,0,0,0,0,0,0,0,0,0,0,0,0,0,0,spiderman3,https://occ-0-2773-2774.1.nflxso.net/dnm/api/v6/evlCitJPPCVCry0BZlEFb5-QjKc/AAAABeBkdy1KYdkl6OBW6grBBujdfn3FfEckxLd0t0g1gTRf5zEQSmCQdQYgKHIrnCwNVnJIV1VEwsXXWkVMo-pplzqt2w.jpg?r=f21,스파이더맨 3,spiderman3,7907
13608,The Thieves,2012-07-25,Movie,0,1,1,1,0,1,0,0,0,0,0,0,0,0,0,0,0,0,0,0,0,0,0,0,0,thethieves,https://occ-0-2042-299.1.nflxso.net/dnm/api/v6/evlCitJPPCVCry0BZlEFb5-QjKc/AAAABRFxa6QxYskENdXRDxpPGRigpDMPPtQyde3IR25K4Op2aMVvdGeU8NzR1xWct0y01JUYNFqWMkWP87OAtIRzai-BuA.jpg?r=93c,도둑들,thethieves,21007
13641,Confession of Murder,2012-11-08,Movie,0,0,1,1,0,1,0,0,0,0,0,0,0,0,0,0,0,0,0,0,0,0,0,0,0,confessionofmurder,https://occ-0-1007-1360.1.nflxso.net/dnm/api/v6/evlCitJPPCVCry0BZlEFb5-QjKc/AAAABd1pyc1wQOqV9Gg6tbEqwuQpkJbxpQzDigu9wrr8tKYUGZVEfzocHBkPT63zbFgpdI9kwt2hx40RN36o05mrHqKi9w.jpg?r=c99,내가 살인범이다,confessionofmurder,11724
13643,The Berlin File,2013-02-15,Movie,0,0,1,1,0,0,0,0,0,0,0,0,0,0,0,0,0,0,0,0,0,0,0,0,0,theberlinfile,https://occ-0-1007-1360.1.nflxso.net/dnm/api/v6/evlCitJPPCVCry0BZlEFb5-QjKc/AAAABVQxbZ5hy2U_uy-028s3AUnwx6IFTq0c6nb_43hn3C81iiQuA4onCqsyIRswznZCejvf0EjtMq65vk4Qq0p24vQjDw.jpg?r=c5c,베를린,theberlinfile,20089
13683,World War Z,2013-06-21,Movie,0,0,1,0,0,0,1,0,0,0,1,0,1,0,0,0,0,0,0,0,0,0,0,0,0,worldwarz,https://occ-0-1490-1489.1.nflxso.net/dnm/api/v6/evlCitJPPCVCry0BZlEFb5-QjKc/AAAABXYf1iNKKGug4xeMEZvzntI1fP1f7WqmGSGOzkbG-_DYM1YbCogiYDYCackSh8Jz9qb1ASxE-ICOnJWXHxiRI3D4vA.jpg?r=9b0,월드워Z,worldwarz,13553
13740,A Werewolf Boy,2012-11-30,Movie,1,0,0,0,1,0,0,0,1,0,0,0,0,0,0,0,0,0,0,0,0,0,0,0,0,awerewolfboy,https://occ-0-1007-1360.1.nflxso.net/dnm/api/v6/evlCitJPPCVCry0BZlEFb5-QjKc/AAAABcwgZIOTX1T2JzIyPARrNAWu13aXw0VWvJm16EUQJI8bmp8XfxUhv8HZZOEpGB7OdId_hWffCpVMTpzuffw4gKzHrw.jpg?r=7eb,늑대소년,awerewolfboy,34288
13790,"The Good, the Bad, the Weird",2008-07-17,Movie,0,1,1,0,0,0,1,0,0,0,0,0,0,0,0,0,0,0,0,0,0,0,1,0,0,thegoodthebadtheweird,https://occ-0-1007-1360.1.nflxso.net/dnm/api/v6/evlCitJPPCVCry0BZlEFb5-QjKc/AAAABVaXkl8hQZb5Jg_D37geUHY5pniTxZuhN2BODRvu-iWmrDQW3BQV9nl-hA7vjDCJPmVWbvq8FqJhEhfcTB0x19nsvQ.jpg?r=5ef,"좋은 놈, 나쁜 놈, 이상한 놈",thegoodthebadtheweird,19844
13920,Snowpiercer,2014-07-11,Movie,1,0,1,0,0,0,0,0,0,0,1,0,0,0,0,0,0,0,0,0,0,0,0,0,0,snowpiercer,https://occ-0-2773-2774.1.nflxso.net/dnm/api/v6/evlCitJPPCVCry0BZlEFb5-QjKc/AAAABb4XfhX0zXwlIXSoyqvdBm8rppxMH1_r3GPTkIqC96Vltbf472nN4WQhV9b9jGsbAOZiMOxQz59Lna9w9P9RiQRkfA.jpg?r=86b,설국열차,snowpiercer,37844
14011,How to Train Your Dragon 2,2014-06-13,Movie,0,0,1,0,0,0,1,1,1,1,0,0,0,0,0,0,0,0,0,0,0,0,0,0,0,howtotrainyourdragon2,https://occ-0-531-2705.1.nflxso.net/dnm/api/v6/evlCitJPPCVCry0BZlEFb5-QjKc/AAAABb7po_SkE_X0PRgnzKp1xhss76yCUlign2HAKEWSw7i5_1X5uujK-pBBRdN07y0bnpDbWGaEVA647cK49i13FCGkig.jpg?r=d68,드래곤 길들이기 2,howtotrainyourdragon2,9465
14162,The Taste of Money,2013-01-25,Movie,1,0,0,1,0,0,0,0,0,0,0,0,0,0,0,0,0,0,0,0,0,0,0,0,0,thetasteofmoney,https://occ-0-1007-1360.1.nflxso.net/dnm/api/v6/evlCitJPPCVCry0BZlEFb5-QjKc/AAAABVDx86c-RUOXN1oZlDKsxGOIOpBkgfsx7SLFHyOwi846F1tOY43lUkQOhVa6ZuAHs6-zZR4VVYeBicaTx7ja67M0Gw.jpg?r=1ef,돈의 맛,thetasteofmoney,6350
14274,Oblivion,2013-04-19,Movie,0,0,1,0,0,0,1,0,0,0,1,0,0,0,0,0,0,0,0,0,0,0,0,0,0,oblivion,https://occ-0-114-116.1.nflxso.net/dnm/api/v6/evlCitJPPCVCry0BZlEFb5-QjKc/AAAABSldIlCgHYvEXL9zeOh-NKZe0voi_248V8MT5qwdwtgEZN0Ym9SVpeBSauH33Llizjyr0LQISRCOaw7chVZW3WK9Tw.jpg?r=332,오블리비언,oblivion,7931
14331,Inception,2010-07-16,Movie,0,0,1,1,0,0,1,0,0,0,1,0,0,0,0,0,0,0,0,0,0,0,0,0,0,inception,https://occ-0-2851-38.1.nflxso.net/dnm/api/v6/evlCitJPPCVCry0BZlEFb5-QjKc/AAAABYDAY7Malaj4klMEjUvy1YC7O6JXaUodaDIW2xyYs_huUch4quAuREHvGe6VlIj6o1K3THeI7eKXlBDuS6a-JZH7sw.jpg?r=d87,인셉션,inception,26224
14423,The Chaser,2008-02-14,Movie,0,0,1,1,0,1,0,0,0,0,0,0,0,0,0,0,0,0,0,0,0,0,0,0,0,thechaser,https://occ-0-1007-1360.1.nflxso.net/dnm/api/v6/evlCitJPPCVCry0BZlEFb5-QjKc/AAAABUCphQicYk-3Xzi2SLB19CFZR-zOcp591I2q3q7hPFwbGG0CUJBnzvVie7lC2czKDs05UAuWjdA3-tbzhijHHtHp8Q.jpg?r=17e,추격자,thechaser,16990
14463,The Curious Case of Benjamin Button,2008-12-25,Movie,1,0,0,0,1,0,0,0,1,0,0,0,0,0,0,0,0,0,0,0,0,0,0,0,0,thecuriouscaseofbenjaminbutton,https://occ-0-1490-1489.1.nflxso.net/dnm/api/v6/evlCitJPPCVCry0BZlEFb5-QjKc/AAAABUElygQ1ONUn_2sLa8r3CVfxQxmZrFC_6zSBo6D9OaioZ4VQ1ZNBz6JokSgV0k86hCGNTEJWLzK7pGdS0AFNgdBQng.jpg?r=8dd,벤자민 버튼의 시간은 거꾸로 간다,thecuriouscaseofbenjaminbutton,10835
14478,The Dark Knight,2008-07-18,Movie,1,0,1,1,0,1,0,0,0,0,0,0,0,0,0,0,0,0,0,0,0,0,0,0,0,thedarkknight,https://occ-0-2851-38.1.nflxso.net/dnm/api/v6/evlCitJPPCVCry0BZlEFb5-QjKc/AAAABRtIIrpv2j8ZZwKSo73OJyM_Lt0_h4ZQ_DMKI8rlAM_cer2rZc11hcnaJQZqTNuS3OwxxbdVQijsISgwG59neccd_Q.jpg?r=541,다크 나이트,thedarkknight,27302
14633,Shutter Island,2010-02-19,Movie,0,0,0,1,0,0,0,0,0,0,0,1,0,0,0,0,0,0,0,0,0,0,0,0,0,shutterisland,https://occ-0-2773-2774.1.nflxso.net/dnm/api/v6/evlCitJPPCVCry0BZlEFb5-QjKc/AAAABSGqtG3E7xXSvF7TMN6gzYTA-ygo9utELjEnaHAm_-5csdbRyj9cGZqVd8-ZYTuwAuWyuUuq3agPj-pYrV9RjDAyPQ.jpg?r=850,셔터 아일랜드,shutterisland,7114
14680,Kung Fu Panda,2008-06-06,Movie,0,1,1,0,0,0,1,1,0,1,0,0,0,0,0,0,0,0,0,0,0,0,0,0,0,kungfupanda,https://occ-0-2851-38.1.nflxso.net/dnm/api/v6/evlCitJPPCVCry0BZlEFb5-QjKc/AAAABVZWpR_2G0lmqMnNWo-bBDfoeOVMYWpB-nl2p9OzRMaiw3SSpBRPOn0_QyB7I2NcOtCC4BNskjL3cRGCTPHoqsgl_Q.jpg?r=000,쿵푸팬더3,kungfupanda,9543
14681,Transformers,2007-07-03,Movie,0,0,1,0,0,0,1,0,0,0,1,0,0,0,0,0,0,0,0,0,0,0,0,0,0,transformers,https://occ-0-1926-41.1.nflxso.net/dnm/api/v6/evlCitJPPCVCry0BZlEFb5-QjKc/AAAABSzj0Fis_izitmLfM_nbfpxW_9Fe7itkomkclmnZEOIABq9joFgfwemlzCyb1alDlop3r2p35uSJ8XzAS2FJFGlkMg.jpg?r=ac3,트랜스포머: 최후의 기사,transformers,14272
14685,Forrest Gump,1994-07-06,Movie,1,0,0,0,1,0,0,0,0,0,0,0,0,0,0,0,0,0,0,0,0,0,0,0,0,forrestgump,https://occ-0-2851-38.1.nflxso.net/dnm/api/v6/evlCitJPPCVCry0BZlEFb5-QjKc/AAAABRAekTxiHnNN-WBJbA_VguGuwJo4z43BoBHWElrlWlZeqe72BChwdjn2I5-0tC6t4KdTsjBWplo8k_yF_q0Tk_0sKg.jpg?r=e02,포레스트 검프,forrestgump,8387
14709,Despicable Me,2010-07-09,Movie,0,1,0,0,0,1,0,1,1,1,0,0,0,0,0,0,0,0,0,0,0,0,0,0,0,despicableme,https://occ-0-2851-38.1.nflxso.net/dnm/api/v6/evlCitJPPCVCry0BZlEFb5-QjKc/AAAABdJH6fHCmYKuIFUDecgAeIZ6iPx5yY2bwV_aprAd8pPr2EUbEKXsy8IQ3MsNuy4ne75OBuBoIYzSeUIQc-nx3ojh_w.jpg?r=58e,슈퍼배드 3,despicableme,8848
14743,Battleship,2012-05-18,Movie,0,0,1,1,0,0,1,0,0,0,1,0,0,0,0,0,0,0,0,0,0,0,0,0,0,battleship,https://occ-0-114-116.1.nflxso.net/dnm/api/v6/XsrytRUxks8BtTRf9HNlZkW2tvY/AAAABWAPyy7mlyTYqVvuD0FV1Y-MGBInk2sYMreBrAFYIJARWKYOJtlCksXb0I3JgmmxZ_K3oxsJ5uReYTrT6q1iSNeeYg.jpg?r=a39,배틀쉽,battleship,10704
14747,The Bourne Ultimatum,2007-08-03,Movie,0,0,1,1,0,0,0,0,0,0,0,1,0,0,0,0,0,0,0,0,0,0,0,0,0,thebourneultimatum,https://occ-0-2773-2774.1.nflxso.net/dnm/api/v6/evlCitJPPCVCry0BZlEFb5-QjKc/AAAABccgTM1oa3h6Z6WcX6pbFe0_WB48WG8VKTVJVTb1NcRqlGeGbuQiQMoqyo1W6Bmde7AqRNRdQw5dVXGWxa-MSmnrdQ.jpg?r=cea,본 얼티메이텀,thebourneultimatum,8715
15141,Pans Labyrinth,2007-01-19,Movie,1,0,0,0,0,0,0,0,1,0,0,0,0,0,0,0,0,0,0,1,0,0,0,0,0,panslabyrinth,https://occ-0-2042-299.1.nflxso.net/dnm/api/v6/evlCitJPPCVCry0BZlEFb5-QjKc/AAAABZ2L-aAQwmbHEuZB_eAX318AprTPU_64ZGoeM6lZQH86EWMnyJeBTKizTn6N-Zw1EjdG8lzZKJWmS939Fv5nGfa_NA.jpg?r=653,판의 미로 - 오필리아와 세 개의 열쇠,panslabyrinth,7478
15214,The Twilight Saga  New Moon,2009-11-20,Movie,1,0,0,0,1,0,1,0,1,0,0,0,0,0,0,0,0,0,0,0,0,0,0,0,0,thetwilightsaganewmoon,https://occ-0-2773-2774.1.nflxso.net/dnm/api/v6/evlCitJPPCVCry0BZlEFb5-QjKc/AAAABWyCCTx8xi7upX2r2Dvmn_VDTSaxT1IyJe1l7_ZcHnb4Ht1lM8NIBbiobkuC01WK19l8_5Psdr6DP42qpMMJkYqUjg.jpg?r=135,뉴 문,thetwilightsaganewmoon,9588
15358,Battle  Los Angeles,2011-03-11,Movie,0,0,1,0,0,0,0,0,0,0,0,0,0,0,0,0,0,0,0,0,0,0,0,0,0,battlelosangeles,https://occ-0-2851-38.1.nflxso.net/dnm/api/v6/evlCitJPPCVCry0BZlEFb5-QjKc/AAAABYv8dRB5BolpwhYp1QAFnjKtb9MO9hjP4HAJ9tPNWM5usxcpdBJuk2ifRshNrTcWNeW2-AWTfWvwlCkveiRNZVv1EA.jpg?r=813,월드 인베이젼,battlelosangeles,7410
15439,The Twilight Saga  Breaking Dawn  Part 2,2012-11-16,Movie,1,0,0,0,1,0,1,0,1,0,0,0,0,0,0,0,0,0,0,0,0,0,0,0,0,thetwilightsagabreakingdawnpart2,https://occ-0-2773-2774.1.nflxso.net/dnm/api/v6/evlCitJPPCVCry0BZlEFb5-QjKc/AAAABctbtyMRei3vV2ivLAYCjyX90UJ9je1ReUEqZ6wD4ZSpQJ8n9BhP0RzJb8q02t72CR8i4F05G18R9Br9CLHunPcJAA.jpg?r=5fb,브레이킹 던 part2,thetwilightsagabreakingdawnpart2,7053
